Title,Year,Rated,Released,Runtime,Genre,Director,Writer,Actors,Language,Country,Awards,Ratings,Metascore,imdbRating,imdbVotes,imdbID,Type,DVD,BoxOffice,Production,Website,Studio,Total Gross,Theaters,Opening Gross,Theaters(opening),Open
The Sea,2002,N/A,13 Sep 2002,109 min,"Comedy, Drama",Baltasar Kormákur,"Baltasar Kormákur, Ólafur Haukur Símonarson (play)","Gunnar Eyjólfsson, Hilmir Snær Guðnason, Hélène de Fougerolles, Kristbjörg Kjeld","Icelandic, Norwegian, English","Iceland, France, Norway",10 wins & 7 nominations.,"[{'Source': 'Internet Movie Database', 'Value': '7.0/10'}, {'Source': 'Rotten Tomatoes', 'Value': '51%'}, {'Source': 'Metacritic', 'Value': '52/100'}]",52,7.0,"1,483",tt0332381,movie,30 Sep 2003,N/A,Palm Pictures,http://www.theseafilm.com,b'Palm',"b'$75,994'",b'8',"b'$4,191'",b'1',b'5/16/2003'
The Sea Beast,2008,TV-14,30 Jun 2008,90 min,"Horror, Sci-Fi, Thriller",Paul Ziller,"Neil Elman, Paul Ziller","Corin Nemec, Miriam McDonald, Daniel Wisler, Camille Sullivan",English,USA,N/A,"[{'Source': 'Internet Movie Database', 'Value': '4.3/10'}]",N/A,4.3,"1,077",tt1314248,movie,30 Jun 2009,N/A,N/A,N/A,b'WB',"b'$814,000'",b'n/a',b'n/a',b'n/a',b'1/15/1926'
The Sea Chase,1955,APPROVED,04 Jun 1955,117 min,"Action, Drama, War",John Farrow,"James Warner Bellah (screenplay), John Twist (screenplay), Andrew Geer (novel)","John Wayne, Lana Turner, David Farrar, Lyle Bettger",English,USA,N/A,"[{'Source': 'Internet Movie Database', 'Value': '6.5/10'}]",N/A,6.5,"2,259",tt0048593,movie,03 May 2005,N/A,WARNER BROTHERS PICTURES,N/A,b'WB',b'n/a',b'n/a',b'n/a',b'n/a',b'6/4/1955'
The Sea Hawk,1940,APPROVED,01 Jul 1940,127 min,"Action, Adventure, History",Michael Curtiz,"Howard Koch (screen play), Seton I. Miller (screen play)","Errol Flynn, Brenda Marshall, Claude Rains, Donald Crisp",English,USA,N/A,"[{'Source': 'Internet Movie Database', 'Value': '7.8/10'}, {'Source': 'Rotten Tomatoes', 'Value': '100%'}]",N/A,7.8,"7,571",tt0033028,movie,19 Apr 2005,N/A,Warner Bros.,N/A,b'WB',b'n/a',b'n/a',b'n/a',b'n/a',b'7/1/1940'
The Sea Inside,2004,PG-13,04 Mar 2005,125 min,"Biography, Drama, Romance",Alejandro Amenábar,"Alejandro Amenábar (screenplay), Mateo Gil (screenplay)","Javier Bardem, Belén Rueda, Lola Dueñas, Mabel Rivera","Spanish, Catalan, Gallegan","Spain, France, Italy",Won 1 Oscar. Another 67 wins & 36 nominations.,"[{'Source': 'Internet Movie Database', 'Value': '8.0/10'}, {'Source': 'Rotten Tomatoes', 'Value': '84%'}, {'Source': 'Metacritic', 'Value': '74/100'}]",74,8.0,"68,644",tt0369702,movie,17 May 2005,"$1,870,746",Fine Line Features,http://www.theseainside.com/,b'FL',"b'$2,104,923'",b'99',"b'$55,681'",b'23',b'12/17/2004'
The Sea Is Watching,2002,R,27 Jul 2002,119 min,"Romance, Drama",Kei Kumai,"Kei Kumai (screenplay), Akira Kurosawa (original screenplay), Shûgorô Yamamoto (novels)","Misa Shimizu, Nagiko Tôno, Masatoshi Nagase, Hidetaka Yoshioka",Japanese,Japan,1 nomination.,"[{'Source': 'Internet Movie Database', 'Value': '7.1/10'}, {'Source': 'Rotten Tomatoes', 'Value': '58%'}, {'Source': 'Metacritic', 'Value': '57/100'}]",57,7.1,"1,366",tt0316829,movie,18 Nov 2003,N/A,Sony Pictures Entertainment,N/A,b'SRep',"b'$30,577'",b'5',"b'$10,500'",b'5',b'7/18/2003'
Sea of Dreams,2006,PG,21 Sep 2007,99 min,"Drama, Fantasy, Mystery",José Pepe Bojórquez,"José Pepe Bojórquez, José Pepe Bojórquez (story), David Howard","Johnathon Schaech, Sendi Bar, Angélica María, Nicholas Gonzalez",English,"Mexico, USA",1 win & 2 nominations.,"[{'Source': 'Internet Movie Database', 'Value': '6.6/10'}, {'Source': 'Rotten Tomatoes', 'Value': '33%'}]",N/A,6.6,327,tt0367567,movie,N/A,N/A,Success Films Inc.,http://www.dondelosmitossonreales.com/,b'Succ.',"b'$39,200'",b'56',"b'$39,200'",b'56',b'9/21/2007'
The Sea of Grass,1947,PASSED,25 Apr 1947,123 min,"Drama, Western",Elia Kazan,"Conrad Richter (novel), Marguerite Roberts, Vincent Lawrence","Spencer Tracy, Katharine Hepburn, Robert Walker, Melvyn Douglas",English,USA,N/A,"[{'Source': 'Internet Movie Database', 'Value': '6.4/10'}, {'Source': 'Rotten Tomatoes', 'Value': '17%'}]",N/A,6.4,"1,508",tt0039806,movie,23 Oct 1991,N/A,Warner Home Video,N/A,b'MGM',b'n/a',b'n/a',b'n/a',b'n/a',b'4/25/1947'
Sea of Love,1989,R,15 Sep 1989,113 min,"Crime, Drama, Mystery",Harold Becker,Richard Price,"Al Pacino, Ellen Barkin, John Goodman, Michael Rooker",English,USA,Nominated for 1 Golden Globe. Another 3 nominations.,"[{'Source': 'Internet Movie Database', 'Value': '6.8/10'}, {'Source': 'Rotten Tomatoes', 'Value': '77%'}, {'Source': 'Metacritic', 'Value': '66/100'}]",66,6.8,"32,155",tt0098273,movie,26 May 1998,N/A,MCA Universal Home Video,N/A,b'Uni.',"b'$58,571,513'","b'1,439'","b'$10,017,840'","b'1,246'",b'9/15/1989'
The Sea of Trees,2015,PG-13,26 Aug 2016,110 min,Drama,Gus Van Sant,Chris Sparling,"Matthew McConaughey, Ryoko Seta, Sienna Tow, Naoko Marshall","English, Japanese",USA,2 nominations.,"[{'Source': 'Internet Movie Database', 'Value': '5.9/10'}, {'Source': 'Rotten Tomatoes', 'Value': '11%'}, {'Source': 'Metacritic', 'Value': '23/100'}]",23,5.9,"8,618",tt3450900,movie,01 Nov 2016,"$20,083",Waypoint Entertainment,N/A,b'A24',"b'$20,444'",b'101',"b'$1,877'",b'2',b'8/26/2016'
Sea Rex 3D: Journey to a Prehistoric World,2010,N/A,02 Feb 2011,41 min,Documentary,"Ronan Chapalain, Pascal Vuong","Ronan Chapalain, Richard Dowlearn (screenplay), Pascal Vuong","Guillaume Denaiffe, Norbert Ferrer, Chloe Hollings, Richard Rider",English,"UK, France",2 wins.,"[{'Source': 'Internet Movie Database', 'Value': '6.9/10'}]",N/A,6.9,329,tt1529567,movie,N/A,"$6,096,582",3D Entertainment Distribution Ltd,http://www.searex-thefilm.com/,b'3D',"b'$6,096,582'",b'14',b'n/a',b'n/a',b'5/28/2010'
Sea Wolves,1991,N/A,28 Sep 1991,90 min,"Action, Crime, Thriller",Siu-Keung Cheng,Hung Wah Tony Leung,"Cynthia Khan, Simon Yam, Gary Chow, Wai-To Chan",Cantonese,Hong Kong,N/A,"[{'Source': 'Internet Movie Database', 'Value': '5.9/10'}]",N/A,5.9,66,tt0099725,movie,N/A,N/A,N/A,N/A,b'Par.',"b'$220,181'",b'n/a',b'n/a',b'n/a',b'6/5/1981'
Seabiscuit,2003,PG-13,25 Jul 2003,140 min,"Drama, History, Sport",Gary Ross,"Laura Hillenbrand (book), Gary Ross (screenplay)","David McCullough, Jeff Bridges, Paul Vincent O'Connor, Chris Cooper",English,USA,Nominated for 7 Oscars. Another 6 wins & 37 nominations.,"[{'Source': 'Internet Movie Database', 'Value': '7.3/10'}, {'Source': 'Rotten Tomatoes', 'Value': '77%'}, {'Source': 'Metacritic', 'Value': '72/100'}]",72,7.3,"60,149",tt0329575,movie,16 Dec 2003,"$120,147,445",Universal Pictures,http://www.seabiscuitonline.com/,b'Uni.',"b'$120,277,854'","b'2,573'","b'$20,854,735'","b'1,989'",b'7/25/2003'
The Seagull's Laughter,2001,UNRATED,13 Feb 2004,102 min,"Comedy, Drama",Ágúst Guðmundsson,"Kristin Marja Baldursdóttir (novel), Ágúst Guðmundsson","Margrét Vilhjálmsdóttir, Ugla Egilsdóttir, Heino Ferch, Hilmir Snær Guðnason","Icelandic, Danish","Iceland, Germany, UK",8 wins & 6 nominations.,"[{'Source': 'Internet Movie Database', 'Value': '6.9/10'}, {'Source': 'Rotten Tomatoes', 'Value': '84%'}, {'Source': 'Metacritic', 'Value': '65/100'}]",65,6.9,612,tt0281176,movie,01 Mar 2005,N/A,Cinema Guild Inc,http://cinemaguild.com/theseagullslaughter/,b'CGld',"b'$72,527'",b'3',"b'$7,791'",b'2',b'2/13/2004'
Search and Destroy,1995,R,05 May 1995,90 min,"Action, Comedy, Drama",David Salle,"Howard Korder (play), Michael Almereyda (screenplay)","Dennis Hopper, Jason Ferraro, Robert Knepper, Griffin Dunne",English,USA,1 nomination.,"[{'Source': 'Internet Movie Database', 'Value': '5.3/10'}, {'Source': 'Rotten Tomatoes', 'Value': '33%'}]",N/A,5.3,"1,113",tt0114371,movie,25 Apr 2000,"$389,731",Echo Bridge Home Entertainment,N/A,b'Oct.',"b'$389,503'",b'22',"b'$26,522'",b'2',b'4/28/1995'
Search Engines,2016,N/A,05 Mar 2016,98 min,"Comedy, Drama, Family",Russell Brown,Russell Brown,"Joely Fisher, Natasha Gregson Wagner, Grace Folsom, Nicole Cummins",English,USA,1 nomination.,"[{'Source': 'Internet Movie Database', 'Value': '4.5/10'}]",N/A,4.5,121,tt4494094,movie,22 Nov 2016,N/A,N/A,N/A,b'Indic.',"b'$19,033'",b'6',"b'$3,044'",b'2',b'10/14/2016'
The Search for General Tso,2014,NOT RATED,02 Jan 2015,71 min,"Documentary, Comedy, History",Ian Cheney,Ian Cheney,Ian Cheney,"English, Mandarin","USA, Taiwan, China",N/A,"[{'Source': 'Internet Movie Database', 'Value': '6.9/10'}, {'Source': 'Rotten Tomatoes', 'Value': '95%'}, {'Source': 'Metacritic', 'Value': '72/100'}]",72,6.9,"1,479",tt3576038,movie,N/A,"$36,800",IFC,http://www.thesearchforgeneraltso.com/,b'IFC',"b'$54,275'",b'13',"b'$9,336'",b'2',b'1/2/2015'
The Search for One-eye Jimmy,1994,R,21 Jun 1996,80 min,Comedy,Sam Henry Kass,Sam Henry Kass,"Holt McCallany, Michael Badalucco, Nicholas Turturro, Ray 'Boom Boom' Mancini",English,USA,N/A,"[{'Source': 'Internet Movie Database', 'Value': '6.0/10'}]",N/A,6.0,"1,209",tt0117577,movie,11 Jul 2005,N/A,Cabin Fever Entertainment,N/A,b'N.Arts',"b'$71,314'",b'4',b'n/a',b'n/a',b'6/21/1996'
Search Party,2014,R,13 May 2016,93 min,"Adventure, Comedy",Scot Armstrong,"Mike Gagerman (story by), Andrew Waller (story by), Mike Gagerman (screenplay by), Andrew Waller (screenplay by), Scot Armstrong (screenplay by)","Adam Pally, T.J. Miller, Thomas Middleditch, Shannon Woodward","English, Spanish",USA,N/A,"[{'Source': 'Internet Movie Database', 'Value': '5.6/10'}, {'Source': 'Rotten Tomatoes', 'Value': '11%'}, {'Source': 'Metacritic', 'Value': '22/100'}]",22,5.6,"5,474",tt2758904,movie,05 Jul 2016,"$3,073",Focus World,N/A,b'FCW',"b'$4,571'",b'10',"b'$3,073'",b'10',b'5/13/2016'
The Searchers,1956,APPROVED,26 May 1956,119 min,"Adventure, Drama, Western",John Ford,"Frank S. Nugent (screenplay), Alan Le May (from the novel by)","John Wayne, Jeffrey Hunter, Vera Miles, Ward Bond","English, Navajo, Spanish",USA,Won 1 Golden Globe. Another 2 wins & 3 nominations.,"[{'Source': 'Internet Movie Database', 'Value': '8.0/10'}, {'Source': 'Rotten Tomatoes', 'Value': '100%'}]",N/A,8.0,"67,258",tt0049730,movie,18 May 1999,N/A,Warner Bros. Pictures,N/A,b'WB',b'n/a',b'n/a',b'n/a',b'n/a',b'5/13/1956'
Searching for Bobby Fischer,1993,PG,11 Aug 1993,109 min,"Biography, Drama",Steven Zaillian,"Fred Waitzkin (book), Steven Zaillian (screenplay)","Max Pomeranc, Joe Mantegna, Joan Allen, Ben Kingsley",English,USA,Nominated for 1 Oscar. Another 5 wins & 8 nominations.,"[{'Source': 'Internet Movie Database', 'Value': '7.5/10'}, {'Source': 'Rotten Tomatoes', 'Value': '100%'}]",N/A,7.5,"25,371",tt0108065,movie,11 Jul 2000,N/A,Paramount Home Video,N/A,b'Par.',"b'$7,266,383'",b'233',"b'$1,121,354'",b'219',b'8/13/1993'
Searching for Sugar Man,2012,PG-13,26 Jul 2012,86 min,"Documentary, Biography, Music",Malik Bendjelloul,"Malik Bendjelloul, Stephen 'Sugar' Segerman (article), Craig Bartholomew Strydom (article)","Stephen 'Sugar' Segerman, Dennis Coffey, Mike Theodore, Dan DiMaggio",English,"Sweden, UK, Finland",Won 1 Oscar. Another 38 wins & 30 nominations.,"[{'Source': 'Internet Movie Database', 'Value': '8.2/10'}, {'Source': 'Rotten Tomatoes', 'Value': '94%'}, {'Source': 'Metacritic', 'Value': '79/100'}]",79,8.2,"53,805",tt2125608,movie,22 Jan 2013,"$3,100,000",Sony Pictures Classics,http://www.sonyclassics.com/searchingforsugarman/,b'SPC',"b'$3,696,196'",b'157',"b'$27,459'",b'3',b'7/27/2012'
Searching for the Wrong-Eyed Jesus,2003,N/A,05 May 2004,82 min,Documentary,Andrew Douglas,Steve Haisman,"Harry Crews, Johnny Dowd, David Eugene Edwards, The Handsome Family",English,UK,1 win & 2 nominations.,"[{'Source': 'Internet Movie Database', 'Value': '7.7/10'}, {'Source': 'Rotten Tomatoes', 'Value': '68%'}, {'Source': 'Metacritic', 'Value': '58/100'}]",58,7.7,"1,007",tt0389361,movie,14 Mar 2006,N/A,Films Transit International,http://www.searchingforthewrongeyedjesus.com,b'Shad.',"b'$79,916'",b'6',"b'$4,095'",b'1',b'7/13/2005'
Seaside,2002,NOT RATED,04 Dec 2002,90 min,Drama,Julie Lopes-Curval,"François Favrat, Julie Lopes-Curval","Bulle Ogier, Ludmila Mikaël, Hélène Fillières, Jonathan Zaccaï",French,France,1 win.,"[{'Source': 'Internet Movie Database', 'Value': '5.6/10'}, {'Source': 'Rotten Tomatoes', 'Value': '75%'}, {'Source': 'Metacritic', 'Value': '66/100'}]",66,5.6,266,tt0298126,movie,20 Jul 2004,N/A,First Run Features,N/A,b'FRun',"b'$15,290'",b'1',"b'$4,736'",b'1',b'8/6/2003'
Season of the Witch,2011,PG-13,07 Jan 2011,95 min,"Action, Adventure, Fantasy",Dominic Sena,Bragi F. Schut,"Nicolas Cage, Ron Perlman, Stephen Campbell Moore, Stephen Graham","English, Latin",USA,2 nominations.,"[{'Source': 'Internet Movie Database', 'Value': '5.4/10'}, {'Source': 'Rotten Tomatoes', 'Value': '9%'}, {'Source': 'Metacritic', 'Value': '28/100'}]",28,5.4,"80,519",tt0479997,movie,28 Jun 2011,"$24,800,000",Relativity Media,http://www.seasonofthewitchfilm.com,b'Rela.',"b'$24,827,228'","b'2,827'","b'$10,612,375'","b'2,816'",b'1/7/2011'
Seasons,2015,PG,25 Nov 2016,97 min,Documentary,"Jacques Perrin, Jacques Cluzaud(co-director)","Jacques Cluzaud (screenplay), Stéphane Durand, Jacques Perrin (screenplay)",N/A,French,"France, Germany",2 nominations.,"[{'Source': 'Internet Movie Database', 'Value': '7.2/10'}, {'Source': 'Metacritic', 'Value': '67/100'}]",67,7.2,868,tt4283358,movie,N/A,N/A,N/A,N/A,b'MBox',"b'$150,092'",b'22',"b'$27,134'",b'13',b'11/25/2016'
The Seasons in Quincy: Four Portraits of John Berger,2016,N/A,31 Aug 2016,90 min,"Documentary, Biography","Bartek Dziadosz, Colin MacCabe, Christopher Roth, Tilda Swinton","Ben Lerner, Tilda Swinton","John Berger, Tilda Swinton",English,UK,N/A,"[{'Source': 'Internet Movie Database', 'Value': '7.2/10'}, {'Source': 'Rotten Tomatoes', 'Value': '67%'}, {'Source': 'Metacritic', 'Value': '56/100'}]",56,7.2,86,tt5298558,movie,06 Dec 2016,N/A,Derek Jarman Lab,http://seasonsinquincy.com/,b'Icar.',"b'$28,456'",b'2',"b'$5,304'",b'1',b'8/31/2016'
Seasons of Gray,2013,PG-13,01 Sep 2013,90 min,Drama,Paul Stehlik Jr.,Sarah Stehlik,"Andrew Cheney, Megan Parker, Akron Watson, Mark Walters",English,USA,N/A,"[{'Source': 'Internet Movie Database', 'Value': '6.4/10'}]",N/A,6.4,121,tt1710469,movie,28 Jan 2014,"$70,605",Rocky Mountain Pictures,http://www.seasonsofgray.com/,b'ELS',"b'$70,605'",b'24',"b'$31,953'",b'24',b'10/18/2013'
Second Best,1994,PG-13,30 Sep 1994,105 min,Drama,Chris Menges,"David Cook (novel), David Cook (screenplay)","William Hurt, Nathan Yapp, Keith Allen, Chris Cleary Miles",English,"UK, USA",1 win & 2 nominations.,"[{'Source': 'Internet Movie Database', 'Value': '7.1/10'}, {'Source': 'Rotten Tomatoes', 'Value': '100%'}]",N/A,7.1,"1,166",tt0111102,movie,21 Mar 1995,N/A,Warner Home Video,N/A,b'WB',"b'$86,115'",b'9',"b'$19,190'",b'4',b'9/30/1994'
The Second Best Exotic Marigold Hotel,2015,PG,06 Mar 2015,122 min,"Comedy, Drama",John Madden,"Ol Parker (screenplay by), Ol Parker (screen story by), John Madden (screen story by)","Dev Patel, Maggie Smith, Danny Mahoney, David Strathairn",English,"UK, USA",2 nominations.,"[{'Source': 'Internet Movie Database', 'Value': '6.6/10'}, {'Source': 'Rotten Tomatoes', 'Value': '63%'}, {'Source': 'Metacritic', 'Value': '51/100'}]",51,6.6,"26,003",tt2555736,movie,14 Jul 2015,"$38,996,694",20th Century Fox,http://www.foxsearchlight.com/thesecondbestexoticmarigoldhotel/,b'FoxS',"b'$33,078,266'","b'2,022'","b'$8,540,370'","b'1,573'",b'3/6/2015'
The Second Chance,2006,PG-13,17 Feb 2006,102 min,Drama,Steve Taylor,"Henry O. Arnold, Henry O. Arnold, Ben Pearson, Steve Taylor","Michael W. Smith, Jeff Obafemi Carr, J. Don Ferguson, Lisa Arrindell",English,USA,1 win.,"[{'Source': 'Internet Movie Database', 'Value': '6.8/10'}, {'Source': 'Rotten Tomatoes', 'Value': '40%'}, {'Source': 'Metacritic', 'Value': '52/100'}]",52,6.8,"1,173",tt0429068,movie,18 Jul 2006,"$370,430",Sony Pictures,http://www.thesecondchancemovie.com/,b'Triu',"b'$463,542'",b'87',"b'$200,554'",b'87',b'2/17/2006'
Second-Hand Hearts,1981,PG,15 Jan 1982,102 min,Comedy,Hal Ashby,Charles Eastman,"Robert Blake, Barbara Harris, Collin Boone, Amber Rose Gold",English,USA,N/A,"[{'Source': 'Internet Movie Database', 'Value': '4.9/10'}]",N/A,4.9,129,tt0083041,movie,N/A,N/A,N/A,N/A,b'Par.',"b'$19,450'",b'n/a',b'n/a',b'n/a',b'4/24/1981'
The Second Mother,2015,R,28 Aug 2015,112 min,"Comedy, Drama",Anna Muylaert,Anna Muylaert,"Regina Casé, Michel Joelsas, Camila Márdila, Karine Teles",Portuguese,Brazil,28 wins & 18 nominations.,"[{'Source': 'Internet Movie Database', 'Value': '7.8/10'}, {'Source': 'Rotten Tomatoes', 'Value': '96%'}, {'Source': 'Metacritic', 'Value': '82/100'}]",82,7.8,"9,079",tt3742378,movie,12 Jan 2016,N/A,Oscilloscope Laboratories,http://thesecondmother.vhx.tv/,b'Osci.',"b'$376,986'",b'223',"b'$24,086'",b'3',b'8/28/2015'
Second Nature,2003,NOT RATED,22 Jun 2003,90 min,"Drama, Mystery, Sci-Fi",Ben Bolt,E. Max Frye,"Alec Baldwin, Powers Boothe, Louise Lombard, Philip Jackson",English,USA,N/A,"[{'Source': 'Internet Movie Database', 'Value': '5.4/10'}]",N/A,5.4,707,tt0326121,movie,18 Nov 2003,N/A,El Dorado Pictures,N/A,b'Smarthouse',"b'$3,774'",b'1',b'n/a',b'1',b'9/8/2017'
Second Sight,1989,PG,03 Nov 1989,83 min,"Comedy, Mystery, Sci-Fi",Joel Zwick,"Tom Schulman, Patricia Resnick","John Larroquette, Bronson Pinchot, Bess Armstrong, Stuart Pankin",English,USA,N/A,"[{'Source': 'Internet Movie Database', 'Value': '4.4/10'}, {'Source': 'Rotten Tomatoes', 'Value': '0%'}]",N/A,4.4,968,tt0098276,movie,20 Apr 2010,N/A,Warner Home Video,N/A,b'WB',"b'$5,368,865'",b'815',"b'$2,156,742'",b'815',b'11/3/1989'
Secondhand Lions,2003,PG,19 Sep 2003,109 min,"Comedy, Drama, Family",Tim McCanlies,Tim McCanlies,"Michael Caine, Robert Duvall, Haley Joel Osment, Kyra Sedgwick",English,USA,1 win & 6 nominations.,"[{'Source': 'Internet Movie Database', 'Value': '7.6/10'}, {'Source': 'Rotten Tomatoes', 'Value': '59%'}, {'Source': 'Metacritic', 'Value': '52/100'}]",52,7.6,"45,730",tt0327137,movie,03 Feb 2004,"$41,407,470",New Line Cinema,http://www.secondhandlions.com/,b'NL',"b'$42,070,939'","b'3,038'","b'$12,139,832'","b'3,013'",b'9/19/2003'
A Secret,2007,NOT RATED,03 Oct 2007,105 min,"Drama, War",Claude Miller,"Claude Miller (scenario,  adaptation and dialogue), Natalie Carter (scenario,  adaptation and dialogue), Philippe Grimbert (based on the novel by)","Cécile De France, Patrick Bruel, Ludivine Sagnier, Julie Depardieu","French, Yiddish, German, Hebrew",France,4 wins & 12 nominations.,"[{'Source': 'Internet Movie Database', 'Value': '6.9/10'}, {'Source': 'Rotten Tomatoes', 'Value': '80%'}, {'Source': 'Metacritic', 'Value': '72/100'}]",72,6.9,"2,696",tt0490234,movie,10 Mar 2009,"$451,586",Strand Releasing,http://www.unsecret-lefilm.com/,b'Strand',"b'$623,558'",b'11',"b'$37,135'",b'3',b'9/5/2008'
Secret Admirer,1985,R,14 Jun 1985,90 min,"Comedy, Romance",David Greenwalt,"Jim Kouf, David Greenwalt","C. Thomas Howell, Lori Loughlin, Kelly Preston, Dee Wallace",English,USA,N/A,"[{'Source': 'Internet Movie Database', 'Value': '6.5/10'}, {'Source': 'Rotten Tomatoes', 'Value': '33%'}]",N/A,6.5,"5,192",tt0089981,movie,07 Jan 2003,N/A,HBO Video,N/A,b'Orion',"b'$8,622,757'","b'1,300'","b'$2,414,984'","b'1,300'",b'6/14/1985'
The Secret Adventures of Tom Thumb,1993,UNRATED,13 Jan 1995,60 min,"Animation, Adventure, Sci-Fi",Dave Borthwick,Dave Borthwick,"Nick Upton, Deborah Collard, Frank Passingham, John Schofield",English,UK,4 wins & 2 nominations.,"[{'Source': 'Internet Movie Database', 'Value': '7.4/10'}, {'Source': 'Rotten Tomatoes', 'Value': '80%'}]",N/A,7.4,"1,229",tt0108069,movie,28 Jul 1998,N/A,Palm Pictures,N/A,b'Tara',"b'$70,441'",b'3',"b'$12,214'",b'3',b'11/4/1994'
The Secret Agent,1996,R,08 Nov 1996,95 min,"Drama, Thriller",Christopher Hampton,"Joseph Conrad (novel), Christopher Hampton","Bob Hoskins, Patricia Arquette, Gérard Depardieu, Jim Broadbent",English,UK,1 nomination.,"[{'Source': 'Internet Movie Database', 'Value': '5.8/10'}, {'Source': 'Rotten Tomatoes', 'Value': '50%'}, {'Source': 'Metacritic', 'Value': '41/100'}]",41,5.8,"1,978",tt0117582,movie,07 Jun 2005,N/A,Twentieth Century Fox Home Entertainment,N/A,b'FoxS',"b'$106,606'",b'7',"b'$25,909'",b'6',b'11/8/1996'
Secret Ballot,2001,G,26 Oct 2001,123 min,Comedy,Babak Payami,"Mohsen Makhmalbaf (original idea), Babak Payami","Nassim Abdi, Cyrus Abidi, Youssef Habashi, Farrokh Shoja",Persian,"Iran, Italy",10 wins & 5 nominations.,"[{'Source': 'Internet Movie Database', 'Value': '6.7/10'}, {'Source': 'Rotten Tomatoes', 'Value': '82%'}, {'Source': 'Metacritic', 'Value': '75/100'}]",75,6.7,"1,102",tt0290823,movie,07 Jan 2003,N/A,Sony Pictures Classics,http://www.sonyclassics.com/secretballot/Splash.html,b'SPC',"b'$114,909'",b'11',"b'$14,609'",b'5',b'8/9/2002'
The Secret Disco Revolution,2012,NOT RATED,01 Nov 2012,90 min,"Documentary, Comedy, History",Jamie Kastner,Jamie Kastner,"Peter Keleghan, Julia Hladkowicz, Kito Lightbourne, Reg Taylor",English,"Canada, France, USA, United Arab Emirates, UK",2 nominations.,"[{'Source': 'Internet Movie Database', 'Value': '5.7/10'}, {'Source': 'Rotten Tomatoes', 'Value': '43%'}, {'Source': 'Metacritic', 'Value': '56/100'}]",56,5.7,212,tt2011271,movie,N/A,N/A,Screen Media Films,http://www.secretdiscorevolution.com/,b'Scre.',b'n/a',b'n/a',b'n/a',b'n/a',b'6/28/2013'
The Secret Garden,1993,G,13 Aug 1993,101 min,"Drama, Family, Fantasy",Agnieszka Holland,"Frances Hodgson Burnett (book), Caroline Thompson (screenplay)","Kate Maberly, Heydon Prowse, Andrew Knott, Maggie Smith",English,USA,Nominated for 1 BAFTA Film Award. Another 3 wins & 5 nominations.,"[{'Source': 'Internet Movie Database', 'Value': '7.3/10'}, {'Source': 'Rotten Tomatoes', 'Value': '85%'}]",N/A,7.3,"31,126",tt0108071,movie,01 Jan 2000,N/A,WARNER BROTHERS PICTURES,N/A,b'WB',"b'$31,181,347'","b'1,332'","b'$4,625,583'","b'1,319'",b'8/13/1993'
The Secret in Their Eyes,2009,R,21 May 2010,129 min,"Drama, Mystery, Romance",Juan José Campanella,"Eduardo Sacheri (screenplay), Juan José Campanella (screenplay), Eduardo Sacheri (novel)","Soledad Villamil, Ricardo Darín, Carla Quevedo, Pablo Rago",Spanish,"Argentina, Spain",Won 1 Oscar. Another 51 wins & 40 nominations.,"[{'Source': 'Internet Movie Database', 'Value': '8.2/10'}, {'Source': 'Rotten Tomatoes', 'Value': '91%'}, {'Source': 'Metacritic', 'Value': '80/100'}]",80,8.2,"150,547",tt1305806,movie,21 Sep 2010,"$6,390,014",Sony Pictures Classics,http://www.sonyclassics.com/thesecretintheireyes/,b'SPC',"b'$6,391,436'",b'166',"b'$167,866'",b'10',b'4/16/2010'
The Secret Life of Bees,2008,PG-13,17 Oct 2008,114 min,Drama,Gina Prince-Bythewood,"Gina Prince-Bythewood (screenplay), Sue Monk Kidd (novel)","Dakota Fanning, Queen Latifah, Jennifer Hudson, Alicia Keys",English,USA,12 wins & 16 nominations.,"[{'Source': 'Internet Movie Database', 'Value': '7.3/10'}, {'Source': 'Rotten Tomatoes', 'Value': '59%'}, {'Source': 'Metacritic', 'Value': '57/100'}]",57,7.3,"21,191",tt0416212,movie,03 Feb 2009,"$37,665,012",Fox Searchlight,http://www.foxsearchlight.com/thesecretlifeofbees/,b'FoxS',"b'$37,770,162'","b'1,630'","b'$10,527,799'","b'1,591'",b'10/17/2008'
The Secret Life of Lance Letscher,2017,N/A,12 Mar 2017,95 min,Documentary,Sandra Adair,N/A,N/A,English,USA,2 nominations.,"[{'Source': 'Internet Movie Database', 'Value': '7.8/10'}]",N/A,7.8,6,tt6118040,movie,N/A,N/A,Found Piece Productions,N/A,b'FR',b'n/a',b'n/a',b'n/a',b'n/a',b'11/7/2017'
The Secret Life of Pets,2016,PG,08 Jul 2016,87 min,"Animation, Adventure, Comedy","Chris Renaud, Yarrow Cheney(co-director)","Cinco Paul, Ken Daurio, Brian Lynch","Louis C.K., Eric Stonestreet, Kevin Hart, Jenny Slate",English,"Japan, USA",4 wins & 15 nominations.,"[{'Source': 'Internet Movie Database', 'Value': '6.6/10'}, {'Source': 'Rotten Tomatoes', 'Value': '75%'}, {'Source': 'Metacritic', 'Value': '61/100'}]",61,6.6,"134,225",tt2709768,movie,06 Dec 2016,"$368,305,960",Universal Pictures,http://www.thesecretlifeofpets.com/,b'Uni.',"b'$368,384,330'","b'4,381'","b'$104,352,905'","b'4,370'",b'7/8/2016'
The Secret Life of Pets 2,2019,N/A,03 Jul 2019,N/A,"Animation, Adventure, Comedy",Chris Renaud,Brian Lynch,N/A,English,USA,N/A,[],N/A,N/A,N/A,tt5113040,movie,N/A,N/A,Illumination Entertainment,N/A,b'Uni.',b'n/a',b'n/a',b'n/a',b'n/a',b'6/7/2019'
The Secret Life of Walter Mitty,2013,PG,25 Dec 2013,114 min,"Adventure, Comedy, Drama",Ben Stiller,"Steve Conrad (screenplay by), Steve Conrad (screen story by), James Thurber (based on the short story by)","Ben Stiller, Kristen Wiig, Jon Daly, Kathryn Hahn","English, Spanish, Icelandic","USA, UK",5 wins & 18 nominations.,"[{'Source': 'Internet Movie Database', 'Value': '7.3/10'}, {'Source': 'Rotten Tomatoes', 'Value': '50%'}, {'Source': 'Metacritic', 'Value': '54/100'}]",54,7.3,"255,473",tt0359950,movie,15 Apr 2014,"$33,223,430",20th Century Fox,http://WalterMitty.com,b'Fox',"b'$58,236,838'","b'2,922'","b'$12,765,508'","b'2,909'",b'12/25/2013'
The Secret Life of Words,2005,N/A,21 Oct 2005,115 min,"Drama, Romance",Isabel Coixet,Isabel Coixet,"Sarah Polley, Tim Robbins, Sverre Anker Ousdal, Javier Cámara","English, Danish","Spain, Ireland",25 wins & 14 nominations.,"[{'Source': 'Internet Movie Database', 'Value': '7.5/10'}, {'Source': 'Rotten Tomatoes', 'Value': '69%'}, {'Source': 'Metacritic', 'Value': '68/100'}]",68,7.5,"10,562",tt0430576,movie,08 May 2007,N/A,Strand Releasing,http://www.clubcultura.com/clubcine/clubcineastas/isabelcoixet/vida_secreta/inde,b'Strand',"b'$20,678'",b'3',"b'$5,309'",b'1',b'12/15/2006'
Secret Lives,1999–,N/A,25 Jan 1999,21 min,Drama,N/A,N/A,"Esko Kovero, Jarmo Koski, Anu Palevaara, Timo Jurkka",Finnish,Finland,2 wins & 2 nominations.,"[{'Source': 'Internet Movie Database', 'Value': '3.8/10'}]",N/A,3.8,"1,312",tt0185819,series,,,,,b'CGld',"b'$42,390'",b'3',"b'$4,310'",b'2',b'5/16/2003'
The Secret Lives of Dentists,2002,R,29 Aug 2003,104 min,Drama,Alan Rudolph,"Jane Smiley (novel), Craig Lucas (screenplay)","Campbell Scott, Denis Leary, Robin Tunney, Peter Samuel",English,USA,3 wins & 6 nominations.,"[{'Source': 'Internet Movie Database', 'Value': '6.5/10'}, {'Source': 'Rotten Tomatoes', 'Value': '85%'}, {'Source': 'Metacritic', 'Value': '76/100'}]",76,6.5,"3,195",tt0314630,movie,27 Jan 2004,"$3,637,833",Manhattan Pictures International,http://www.thesecretlivesofdentistsmovie.com,b'Manh',"b'$3,707,346'",b'181',"b'$121,769'",b'12',b'8/1/2003'
The Secret of Kells,2009,NOT RATED,11 Feb 2009,75 min,"Animation, Adventure, Family","Tomm Moore, Nora Twomey(co-director)","Tomm Moore (original story), Fabrice Ziolkowski (screenplay)","Evan McGuire, Christen Mooney, Brendan Gleeson, Mick Lally","English, Scottish Gaelic, Irish","France, Belgium, Ireland",Nominated for 1 Oscar. Another 7 wins & 5 nominations.,"[{'Source': 'Internet Movie Database', 'Value': '7.7/10'}, {'Source': 'Rotten Tomatoes', 'Value': '91%'}, {'Source': 'Metacritic', 'Value': '81/100'}]",81,7.7,"25,387",tt0485601,movie,05 Oct 2010,"$686,383",GKIDS,http://thesecretofkells.com/,b'GK',"b'$676,775'",b'37',"b'$39,826'",b'1',b'3/5/2010'
The Secret of My Success,1965,APPROVED,20 Dec 1965,112 min,Comedy,Andrew L. Stone,Andrew L. Stone,"Shirley Jones, Stella Stevens, Honor Blackman, James Booth",English,UK,N/A,"[{'Source': 'Internet Movie Database', 'Value': '5.2/10'}]",N/A,5.2,193,tt0059694,movie,N/A,N/A,N/A,N/A,b'Uni.',"b'$66,995,879'","b'1,346'","b'$7,766,452'","b'1,336'",b'4/10/1987'
The Secret of NIMH,1982,G,16 Jul 1982,82 min,"Animation, Adventure, Drama",Don Bluth,"Robert C. O'Brien (novel), Don Bluth (story adaptation), John Pomeroy (story adaptation), Gary Goldman (story adaptation), Will Finn (story adaptation)","Derek Jacobi, Elizabeth Hartman, Arthur Malet, Dom DeLuise",English,USA,1 win & 2 nominations.,"[{'Source': 'Internet Movie Database', 'Value': '7.6/10'}, {'Source': 'Rotten Tomatoes', 'Value': '96%'}]",N/A,7.6,"30,064",tt0084649,movie,06 Mar 2001,N/A,United Artists,N/A,b'MGM',"b'$14,665,733'",b'700',"b'$386,530'",b'88',b'7/2/1982'
The Secret of Roan Inish,1994,PG,03 Feb 1995,103 min,"Drama, Family, Fantasy",John Sayles,"Rosalie K. Fry (book), John Sayles (screenplay)","Jeni Courtney, Pat Slowey, Dave Duffy, Declan Hannigan","English, Irish","USA, Ireland",1 win & 9 nominations.,"[{'Source': 'Internet Movie Database', 'Value': '7.5/10'}, {'Source': 'Rotten Tomatoes', 'Value': '98%'}]",N/A,7.5,"6,291",tt0111112,movie,25 Jul 2000,N/A,Samuel Goldwyn Films,N/A,b'First',"b'$6,159,269'",b'104',"b'$82,601'",b'7',b'2/3/1995'
The Secret of the Grain,2007,NOT RATED,12 Dec 2007,151 min,Drama,Abdellatif Kechiche,Abdellatif Kechiche,"Habib Boufares, Hafsia Herzi, Farida Benkhetache, Abdelhamid Aktouche","French, Arabic, Russian",France,19 wins & 7 nominations.,"[{'Source': 'Internet Movie Database', 'Value': '7.4/10'}, {'Source': 'Rotten Tomatoes', 'Value': '92%'}, {'Source': 'Metacritic', 'Value': '83/100'}]",83,7.4,"5,793",tt0487419,movie,27 Jul 2010,N/A,IFC Films,http://www.lagraineetlemulet-lefilm.com/,b'IFC',"b'$86,356'",b'3',"b'$9,850'",b'1',b'12/24/2008'
The Secret Rapture,1993,R,03 Jun 1994,97 min,"Drama, Romance, Thriller",Howard Davies,"David Hare (play), David Hare (screenplay)","Juliet Stevenson, Joanne Whalley, Penelope Wilton, Neil Pearson",English,UK,N/A,"[{'Source': 'Internet Movie Database', 'Value': '6.4/10'}]",N/A,6.4,90,tt0108072,movie,19 Oct 1994,N/A,Twentieth Century Fox Home Entertainment,N/A,b'Castle',"b'$18,719'",b'n/a',b'n/a',b'n/a',b'4/29/1994'
The Secret Scripture,2016,PG-13,13 Oct 2017,108 min,Drama,Jim Sheridan,"Sebastian Barry (based on the novel by), Jim Sheridan, Johnny Ferguson","Rooney Mara, Aidan Turner, Theo James, Eric Bana",English,Ireland,1 win.,"[{'Source': 'Internet Movie Database', 'Value': '6.5/10'}, {'Source': 'Rotten Tomatoes', 'Value': '30%'}, {'Source': 'Metacritic', 'Value': '37/100'}]",37,6.5,"1,368",tt3344694,movie,N/A,N/A,Apollo Media,N/A,b'VE',b'n/a',b'n/a',b'n/a',b'n/a',b'10/13/2017'
Secret Society,2000,PG,20 Dec 2001,98 min,Comedy,Imogen Kimmel,"Imogen Kimmel, Catriona McGowan","Charlotte Brittain, Lee Ross, Annette Badland, James Wooton",English,"UK, Germany",1 win & 1 nomination.,"[{'Source': 'Internet Movie Database', 'Value': '5.3/10'}, {'Source': 'Rotten Tomatoes', 'Value': '33%'}, {'Source': 'Metacritic', 'Value': '47/100'}]",47,5.3,152,tt0217788,movie,17 Dec 2002,N/A,First Run Features,N/A,b'FRun',"b'$4,725'",b'1',b'$933',b'1',b'6/7/2002'
Secret Superstar,2017,NOT RATED,18 Oct 2017,150 min,"Drama, Family, Music",Advait Chandan,Advait Chandan (screenplay),"Zaira Wasim, Meher Vij, Raj Arjun, Tirth Sharma",Hindi,India,N/A,"[{'Source': 'Internet Movie Database', 'Value': '8.6/10'}, {'Source': 'Rotten Tomatoes', 'Value': '86%'}]",N/A,8.6,"2,732",tt6108090,movie,N/A,N/A,Zee Studios,N/A,b'N/A',b'n/a',b'n/a',b'n/a',b'n/a',b'10/18/2017'
Secret Things,2002,UNRATED,16 Oct 2002,115 min,"Comedy, Drama, Fantasy",Jean-Claude Brisseau,Jean-Claude Brisseau,"Coralie Revel, Sabrina Seyvecou, Roger Miremont, Fabrice Deville",French,France,1 win.,"[{'Source': 'Internet Movie Database', 'Value': '6.1/10'}, {'Source': 'Rotten Tomatoes', 'Value': '49%'}, {'Source': 'Metacritic', 'Value': '55/100'}]",55,6.1,"3,924",tt0287963,movie,23 Nov 2004,N/A,First Run Features,http://www.firstrunfeatures.com/cs_secretthings.html,b'FRun',"b'$105,090'",b'3',"b'$9,421'",b'1',b'1/2/2004'
Secret Window,2004,PG-13,12 Mar 2004,96 min,"Mystery, Thriller",David Koepp,"Stephen King (novel), David Koepp (screenplay)","Johnny Depp, John Turturro, Maria Bello, Timothy Hutton",English,USA,3 nominations.,"[{'Source': 'Internet Movie Database', 'Value': '6.6/10'}, {'Source': 'Rotten Tomatoes', 'Value': '46%'}, {'Source': 'Metacritic', 'Value': '46/100'}]",46,6.6,"158,385",tt0363988,movie,22 Jun 2004,"$47,781,388",Columbia Pictures,http://www.sonypictures.com/movies/secretwindow,b'Sony',"b'$48,022,900'","b'3,018'","b'$18,237,568'","b'3,018'",b'3/12/2004'
The Secret World of Arrietty,2010,G,17 Feb 2012,94 min,"Animation, Adventure, Family",Hiromasa Yonebayashi,"Mary Norton (novel), Hayao Miyazaki (screenplay), Keiko Niwa (screenplay)","Moises Arias, Bridgit Mendler, David Henrie, Will Arnett","Japanese, English",Japan,11 wins & 6 nominations.,"[{'Source': 'Internet Movie Database', 'Value': '7.6/10'}, {'Source': 'Rotten Tomatoes', 'Value': '94%'}, {'Source': 'Metacritic', 'Value': '80/100'}]",80,7.6,"60,096",tt1568921,movie,22 May 2012,"$19,192,510",Walt Disney Pictures,http://www.arriettymovie.co.uk/,b'BV',"b'$19,202,743'","b'1,522'","b'$6,446,395'","b'1,522'",b'2/17/2012'
Secretariat,2010,PG,08 Oct 2010,123 min,"Biography, Drama, Family",Randall Wallace,"Mike Rich, William Nack (book)","Diane Lane, John Malkovich, Dylan Walsh, Margo Martindale",English,USA,3 wins & 6 nominations.,"[{'Source': 'Internet Movie Database', 'Value': '7.2/10'}, {'Source': 'Rotten Tomatoes', 'Value': '63%'}, {'Source': 'Metacritic', 'Value': '61/100'}]",61,7.2,"22,382",tt1028576,movie,25 Jan 2011,"$59,699,513",Walt Disney Pictures,http://disney.go.com/disneypictures/secretariat/,b'BV',"b'$59,713,955'","b'3,108'","b'$12,694,770'","b'3,072'",b'10/8/2010'
Secretary,2002,R,11 Oct 2002,107 min,"Comedy, Drama, Romance",Steven Shainberg,"Erin Cressida Wilson (screenplay), Mary Gaitskill (short story), Steven Shainberg (story adaptation), Erin Cressida Wilson (story adaptation)","James Spader, Maggie Gyllenhaal, Jeremy Davies, Lesley Ann Warren",English,USA,Nominated for 1 Golden Globe. Another 15 wins & 25 nominations.,"[{'Source': 'Internet Movie Database', 'Value': '7.0/10'}, {'Source': 'Rotten Tomatoes', 'Value': '76%'}, {'Source': 'Metacritic', 'Value': '63/100'}]",63,7.0,"72,352",tt0274812,movie,01 Apr 2003,"$3,806,471",Lions Gate,http://www.secretarythemovie.com/,b'Lions',"b'$4,059,680'",b'149',"b'$182,306'",b'11',b'9/20/2002'
The Secrets,2007,R,26 Nov 2008,127 min,Drama,Avi Nesher,"Hadar Galron, Avi Nesher","Fanny Ardant, Ania Bukstein, Michal Shtamler, Adir Miller","Hebrew, French, English","France, Israel",9 nominations.,"[{'Source': 'Internet Movie Database', 'Value': '7.1/10'}, {'Source': 'Rotten Tomatoes', 'Value': '67%'}]",N/A,7.1,"1,650",tt0782867,movie,07 Apr 2009,N/A,Monterey Media,http://www.thesecretsmovie.com/,b'Mont.',"b'$122,094'",b'9',"b'$19,536'",b'7',b'11/26/2008'
Secrets & Lies,1996,R,28 Feb 1997,136 min,Drama,Mike Leigh,Mike Leigh,"Timothy Spall, Phyllis Logan, Brenda Blethyn, Claire Rushbrook","English, Greek","France, UK",Nominated for 5 Oscars. Another 33 wins & 42 nominations.,"[{'Source': 'Internet Movie Database', 'Value': '8.0/10'}, {'Source': 'Rotten Tomatoes', 'Value': '94%'}, {'Source': 'Metacritic', 'Value': '91/100'}]",91,8.0,"30,788",tt0117589,movie,01 Feb 2005,N/A,Twentieth Century Fox Home Entertainment,N/A,b'Oct.',"b'$13,417,292'",b'296',"b'$60,813'",b'4',b'9/28/1996'
The Secrets of Jonathan Sperry,2008,PG,18 Sep 2009,96 min,Drama,Rich Christiano,"Dave Christiano, Rich Christiano","Gavin MacLeod, Jansen Panettiere, Robert Guillaume, Frankie Ryan Manriquez",English,USA,N/A,"[{'Source': 'Internet Movie Database', 'Value': '6.9/10'}]",N/A,6.9,"1,099",tt1070858,movie,04 May 2010,"$1,096,348",Five & Two Pictures,http://www.sperrymovie.com/,b'5&2',"b'$1,355,079'",b'135',"b'$258,400'",b'117',b'9/18/2009'
Secuestro express,2005,R,10 Mar 2006,86 min,"Action, Crime, Drama",Jonathan Jakubowicz,Jonathan Jakubowicz,"Mía Maestro, Rubén Blades, Carlos Julio Molina, Pedro Perez",Spanish,Venezuela,2 nominations.,"[{'Source': 'Internet Movie Database', 'Value': '6.6/10'}, {'Source': 'Rotten Tomatoes', 'Value': '52%'}, {'Source': 'Metacritic', 'Value': '48/100'}]",48,6.6,"2,360",tt0371939,movie,03 Jan 2006,"$189,798",Miramax,http://www.miramax.com/secuestroexpress,b'Mira.',"b'$307,208'",b'34',"b'$45,928'",b'8',b'8/5/2005'
Sedona,2011,NOT RATED,19 Feb 2011,90 min,"Adventure, Comedy, Drama",Tommy Stovall,Tommy Stovall,"Frances Fisher, Seth Peterson, Beth Grant, Matthew J. Williamson",English,USA,N/A,"[{'Source': 'Internet Movie Database', 'Value': '5.2/10'}]",N/A,5.2,134,tt1516577,movie,N/A,N/A,N/A,N/A,b'Pasi.',"b'$21,638'",b'3',b'n/a',b'n/a',b'3/16/2012'
Seducing Doctor Lewis,2003,UNRATED,26 Mar 2004,108 min,Comedy,Jean-François Pouliot,Ken Scott,"Raymond Bouchard, Dominik Michon-Dagenais, Guy-Daniel Tremblay, Nadia Drouin",French,Canada,15 wins & 17 nominations.,"[{'Source': 'Internet Movie Database', 'Value': '7.5/10'}, {'Source': 'Rotten Tomatoes', 'Value': '68%'}, {'Source': 'Metacritic', 'Value': '59/100'}]",59,7.5,"4,640",tt0366532,movie,25 Jan 2005,"$142,106",Vivafilm,http://www.wellspring.com/movies/movie.html?movie_id=38,b'Wells',"b'$489,838*'",b'15',"b'$7,164'",b'1',b'6/16/2004'
The Seduction,1982,R,29 Jan 1982,104 min,Thriller,David Schmoeller,David Schmoeller,"Morgan Fairchild, Michael Sarrazin, Vince Edwards, Andrew Stevens",English,USA,3 nominations.,"[{'Source': 'Internet Movie Database', 'Value': '4.9/10'}]",N/A,4.9,748,tt0084652,movie,07 Nov 2006,N/A,Embassy,N/A,b'Emb',"b'$11,378,339'",b'597',"b'$1,503,543'",b'597',b'1/22/1982'
The Seduction of Joe Tynan,1979,R,17 Aug 1979,108 min,Drama,Jerry Schatzberg,Alan Alda,"Alan Alda, Barbara Harris, Meryl Streep, Rip Torn",English,USA,6 wins & 3 nominations.,"[{'Source': 'Internet Movie Database', 'Value': '6.1/10'}, {'Source': 'Rotten Tomatoes', 'Value': '100%'}]",N/A,6.1,"1,291",tt0079875,movie,N/A,N/A,MCA Universal Home Video,N/A,b'Uni.',"b'$19,595,168'",b'n/a',b'n/a',b'n/a',b'8/17/1979'
See No Evil,2006,R,19 May 2006,84 min,"Action, Horror, Thriller",Gregory Dark,Dan Madigan,"Glenn Jacobs, Christina Vidal, Michael J. Pagan, Samantha Noble",English,"USA, Australia",N/A,"[{'Source': 'Internet Movie Database', 'Value': '5.1/10'}, {'Source': 'Rotten Tomatoes', 'Value': '8%'}, {'Source': 'Metacritic', 'Value': '17/100'}]",17,5.1,"23,215",tt0437179,movie,28 Nov 2006,"$15,019,200",Lionsgate Films,http://www.seenoevilthemovie.com/,b'LGF',"b'$15,032,800'","b'1,270'","b'$4,581,233'","b'1,257'",b'5/19/2006'
"See No Evil, Hear No Evil",1989,R,12 May 1989,103 min,"Comedy, Crime",Arthur Hiller,"Earl Barret (story), Arne Sultan (story), Marvin Worth (story), Earl Barret (screenplay), Arne Sultan (screenplay), Eliot Wald (screenplay), Andrew Kurtzman (screenplay), Gene Wilder (screenplay)","Richard Pryor, Gene Wilder, Joan Severance, Kevin Spacey",English,USA,N/A,"[{'Source': 'Internet Movie Database', 'Value': '6.8/10'}, {'Source': 'Rotten Tomatoes', 'Value': '18%'}]",N/A,6.8,"40,154",tt0098282,movie,30 Oct 2001,N/A,Sony Pictures Home Entertainment,N/A,b'TriS',"b'$46,908,987'","b'1,686'","b'$7,098,741'","b'1,677'",b'5/12/1989'
See Spot Run,2001,PG,02 Mar 2001,94 min,"Action, Comedy, Crime",John Whitesell,"George Gallo (screenplay), Gregory Poirier (screenplay), Dan Baron (screenplay), Chris Faber (screenplay), Andrew Deane (story), Michael Alexander Miller (story), George Gallo (story), Stuart Gibbs (adaptation), Craig Titley (adaptation)","David Arquette, Michael Clarke Duncan, Leslie Bibb, Joe Viterelli","English, American Sign Language","USA, Australia",1 nomination.,"[{'Source': 'Internet Movie Database', 'Value': '5.4/10'}, {'Source': 'Rotten Tomatoes', 'Value': '23%'}, {'Source': 'Metacritic', 'Value': '24/100'}]",24,5.4,"7,805",tt0250720,movie,28 Aug 2001,"$32,486,094",Warner Bros.,http://www.see-spot-run.com,b'WB',"b'$33,357,476'","b'2,656'","b'$9,715,102'","b'2,656'",b'3/2/2001'
See What I'm Saying: The Deaf Entertainers Documentary,2009,PG-13,19 Mar 2010,91 min,Documentary,Hilari Scarl,"Lisa Leeman (storyline consultant), Dalan Musson (consultant writer)","CJ Jones, Robert DeMayo, T.L. Forsberg, Bob Hiltermann","English, American Sign Language",USA,2 wins.,"[{'Source': 'Internet Movie Database', 'Value': '7.9/10'}, {'Source': 'Metacritic', 'Value': '73/100'}]",73,7.9,96,tt1125387,movie,22 Feb 2011,N/A,Worldplay Inc.,http://www.seewhatimsayingmovie.com/,b'WP',"b'$118,206'",b'21',"b'$4,996'",b'1',b'3/19/2010'
See You in the Morning,1989,PG-13,21 Apr 1989,119 min,"Drama, Romance",Alan J. Pakula,Alan J. Pakula,"Jeff Bridges, Alice Krige, Farrah Fawcett, Drew Barrymore",English,USA,N/A,"[{'Source': 'Internet Movie Database', 'Value': '5.8/10'}, {'Source': 'Rotten Tomatoes', 'Value': '44%'}]",N/A,5.8,708,tt0098283,movie,03 Nov 2009,N/A,Warner Home Video,N/A,b'WB',"b'$4,795,009'",b'743',"b'$1,832,536'",b'743',b'4/21/1989'
Seed of Chucky,2004,R,12 Nov 2004,87 min,"Comedy, Fantasy, Horror",Don Mancini,"Don Mancini (characters), Don Mancini","Brad Dourif, Jennifer Tilly, Billy Boyd, Redman","English, Japanese","Romania, USA, UK",1 win & 6 nominations.,"[{'Source': 'Internet Movie Database', 'Value': '4.9/10'}, {'Source': 'Rotten Tomatoes', 'Value': '32%'}, {'Source': 'Metacritic', 'Value': '46/100'}]",46,4.9,"31,184",tt0387575,movie,07 Jun 2005,"$17,016,190",Focus Features,http://www.seed-of-chucky.com/home.html,b'Rog.',"b'$17,083,732'","b'2,062'","b'$8,774,520'","b'2,061'",b'11/12/2004'
Seed: The Untold Story,2016,PG,23 Sep 2016,94 min,Documentary,"Jon Betz(co-director), Taggart Siegel(co-director)",N/A,"Vandana Shiva, Andrew Kimbrell, Jane Goodall, Winona LaDuke","English, Hindi, Spanish",USA,1 win.,"[{'Source': 'Internet Movie Database', 'Value': '7.3/10'}, {'Source': 'Rotten Tomatoes', 'Value': '92%'}]",N/A,7.3,97,tt5971724,movie,N/A,N/A,Collective Eye,http://www.seedthemovie.com/,b'CEye',"b'$207,825'",b'35',b'n/a',b'3',b'8/22/2016'
Seeds of Time,2013,N/A,22 May 2015,77 min,"Documentary, History, News",Sandy McLeod,N/A,N/A,"English, Quechua","USA, Denmark, Italy, Norway, Peru, Russia",1 nomination.,"[{'Source': 'Internet Movie Database', 'Value': '7.6/10'}, {'Source': 'Rotten Tomatoes', 'Value': '67%'}, {'Source': 'Metacritic', 'Value': '59/100'}]",59,7.6,53,tt2962826,movie,19 Oct 2015,N/A,N/A,N/A,b'KL',"b'$4,630'",b'2',b'n/a',b'n/a',b'5/22/2015'
Seeing Other People,2004,R,28 Apr 2011,90 min,"Comedy, Romance",Wallace Wolodarsky,"Maya Forbes, Wallace Wolodarsky","Jay Mohr, Julianne Nicholson, Josh Charles, Andy Richter",English,USA,2 wins.,"[{'Source': 'Internet Movie Database', 'Value': '5.9/10'}, {'Source': 'Rotten Tomatoes', 'Value': '39%'}, {'Source': 'Metacritic', 'Value': '51/100'}]",51,5.9,"2,183",tt0362129,movie,17 Aug 2004,N/A,Lantern Lane Entertainment,http://www.seeingotherpeoplethemovie.com,b'Lant',"b'$87,923'",b'16',"b'$38,182'",b'16',b'5/7/2004'
The Seeker: The Dark Is Rising,2007,PG,05 Oct 2007,99 min,"Adventure, Drama, Family",David L. Cunningham,"John Hodge (screenplay), Susan Cooper (novel)","Alexander Ludwig, Christopher Eccleston, Ian McShane, Frances Conroy",English,USA,N/A,"[{'Source': 'Internet Movie Database', 'Value': '4.8/10'}, {'Source': 'Metacritic', 'Value': '38/100'}]",38,4.8,"13,689",tt0484562,movie,30 Oct 2007,N/A,E1 Entertainment,N/A,b'Fox',"b'$8,794,452'","b'3,173'","b'$3,745,315'","b'3,141'",b'10/5/2007'
Seeking a Friend for the End of the World,2012,R,22 Jun 2012,101 min,"Adventure, Comedy, Drama",Lorene Scafaria,Lorene Scafaria,"Brad Morris, Steve Carell, Nancy Carell, Mark Moses",English,USA,3 nominations.,"[{'Source': 'Internet Movie Database', 'Value': '6.7/10'}, {'Source': 'Rotten Tomatoes', 'Value': '55%'}, {'Source': 'Metacritic', 'Value': '59/100'}]",59,6.7,"95,232",tt1307068,movie,23 Oct 2012,"$7,100,000",Focus Features,http://www.SeekingAFriendMovie.com,b'Focus',"b'$7,078,738'","b'1,625'","b'$3,822,803'","b'1,625'",b'6/22/2012'
Seeking Justice,2011,R,02 Sep 2011,105 min,"Action, Drama, Thriller",Roger Donaldson,"Todd Hickey (story), Robert Tannen (screenplay), Robert Tannen (story)","Nicolas Cage, January Jones, Guy Pearce, Harold Perrineau",English,USA,1 nomination.,"[{'Source': 'Internet Movie Database', 'Value': '6.2/10'}, {'Source': 'Rotten Tomatoes', 'Value': '26%'}, {'Source': 'Metacritic', 'Value': '38/100'}]",38,6.2,"40,861",tt1214962,movie,19 Jun 2012,"$410,819",Anchor Bay Entertainment,http://www.seekingjustice-movie.com/,b'Anch.',"b'$411,746'",b'231',"b'$249,912'",b'231',b'3/16/2012'
Seems Like Old Times,1980,PG,19 Dec 1980,100 min,"Comedy, Romance",Jay Sandrich,Neil Simon,"Goldie Hawn, Chevy Chase, Charles Grodin, Robert Guillaume","English, Spanish",USA,1 nomination.,"[{'Source': 'Internet Movie Database', 'Value': '6.7/10'}, {'Source': 'Rotten Tomatoes', 'Value': '71%'}, {'Source': 'Metacritic', 'Value': '58/100'}]",58,6.7,"7,174",tt0081480,movie,19 Mar 2002,N/A,Columbia Pictures Corporation,N/A,b'Col.',"b'$43,995,918'",b'n/a',b'n/a',b'n/a',b'12/19/1980'
Selena,1997,PG,21 Mar 1997,127 min,"Biography, Drama, Music",Gregory Nava,Gregory Nava,"Jennifer Lopez, Jackie Guerra, Constance Marie, Alex Meneses","English, Spanish",USA,Nominated for 1 Golden Globe. Another 8 wins & 5 nominations.,"[{'Source': 'Internet Movie Database', 'Value': '6.7/10'}, {'Source': 'Rotten Tomatoes', 'Value': '65%'}, {'Source': 'Metacritic', 'Value': '67/100'}]",67,6.7,"20,691",tt0120094,movie,23 Sep 1997,N/A,Warner Home Video,N/A,b'WB',"b'$35,281,794'","b'1,873'","b'$11,615,722'","b'1,850'",b'3/21/1997'
The Making of Self-Medicated,2007,N/A,N/A,63 min,Documentary,Matt Kresling,N/A,"Kristina Anapau, Tommy Bell, Michael Bowen, Timothy Kendall",English,USA,N/A,[],N/A,N/A,N/A,tt1453263,movie,N/A,N/A,N/A,N/A,b'Think',"b'$100,610'",b'16',"b'$45,871'",b'16',b'8/31/2007'
Self/less,2015,PG-13,10 Jul 2015,117 min,"Action, Mystery, Sci-Fi",Tarsem Singh,"Àlex Pastor, David Pastor","Ryan Reynolds, Natalie Martinez, Matthew Goode, Ben Kingsley",English,USA,N/A,"[{'Source': 'Internet Movie Database', 'Value': '6.5/10'}, {'Source': 'Rotten Tomatoes', 'Value': '19%'}, {'Source': 'Metacritic', 'Value': '34/100'}]",34,6.5,"71,195",tt2140379,movie,10 Nov 2015,N/A,Focus Features,http://www.outlive.life,b'Focus',"b'$12,279,691'","b'2,353'","b'$5,403,460'","b'2,353'",b'7/10/2015'
The Selfish Giant,2013,NOT RATED,25 Oct 2013,91 min,Drama,Clio Barnard,"Clio Barnard, Oscar Wilde (inspired by 'The Selfish Giant')","Conner Chapman, Shaun Thomas, Ralph Ineson, Ian Burfield",English,UK,12 wins & 18 nominations.,"[{'Source': 'Internet Movie Database', 'Value': '7.3/10'}, {'Source': 'Rotten Tomatoes', 'Value': '97%'}, {'Source': 'Metacritic', 'Value': '83/100'}]",83,7.3,"9,602",tt2304426,movie,29 Apr 2014,"$12,189",Sundance Selects,http://www.ifcfilms.com/films/the-selfish-giant,b'IFC',"b'$12,189'",b'6',"b'$2,589'",b'3',b'12/20/2013'
Selma,2014,PG-13,09 Jan 2015,128 min,"Biography, Drama, History",Ava DuVernay,Paul Webb,"David Oyelowo, Carmen Ejogo, Jim France, Trinity Simone",English,"UK, USA, France",Won 1 Oscar. Another 58 wins & 88 nominations.,"[{'Source': 'Internet Movie Database', 'Value': '7.5/10'}, {'Source': 'Rotten Tomatoes', 'Value': '99%'}, {'Source': 'Metacritic', 'Value': '89/100'}]",89,7.5,"70,085",tt1020072,movie,05 May 2015,N/A,Paramount Pictures,http://www.selmamovie.com/,b'Par.',"b'$52,076,908'","b'2,235'","b'$571,450'",b'19',b'12/25/2014'
Sembene!,2015,N/A,23 Jan 2015,89 min,"Documentary, Biography, History","Samba Gadjigo, Jason Silverman","Samba Gadjigo, Jason Silverman","Mbissine Thérèse Diop, Ousmane Sembene","English, French","Senegal, USA",3 wins & 7 nominations.,"[{'Source': 'Internet Movie Database', 'Value': '7.6/10'}, {'Source': 'Rotten Tomatoes', 'Value': '95%'}, {'Source': 'Metacritic', 'Value': '68/100'}]",68,7.6,89,tt4344782,movie,19 Apr 2016,"$28,059",N/A,N/A,b'KL',"b'$28,059'",b'3',b'n/a',b'n/a',b'11/13/2015'
Semi-Pro,2008,R,29 Feb 2008,91 min,"Comedy, Sport",Kent Alterman,Scot Armstrong,"Will Ferrell, Woody Harrelson, André Benjamin, Maura Tierney",English,USA,1 win & 4 nominations.,"[{'Source': 'Internet Movie Database', 'Value': '5.8/10'}, {'Source': 'Rotten Tomatoes', 'Value': '21%'}, {'Source': 'Metacritic', 'Value': '47/100'}]",47,5.8,"70,542",tt0839980,movie,03 Jun 2008,"$33,370,443",New Line Cinema,http://www.semipromovie.com/,b'NL',"b'$33,479,698'","b'3,121'","b'$15,075,114'","b'3,121'",b'2/29/2008'
Semi-Tough,1977,R,19 May 1978,108 min,"Comedy, Romance, Sport",Michael Ritchie,"Walter Bernstein, Dan Jenkins (novel)","Burt Reynolds, Kris Kristofferson, Jill Clayburgh, Robert Preston",English,USA,1 nomination.,"[{'Source': 'Internet Movie Database', 'Value': '5.9/10'}, {'Source': 'Rotten Tomatoes', 'Value': '88%'}]",N/A,5.9,"2,039",tt0078227,movie,08 May 2001,N/A,MGM,N/A,b'UA',"b'$37,187,139'",b'n/a',b'n/a',b'n/a',b'11/11/1977'
Send Me No Flowers,1964,APPROVED,14 Oct 1964,100 min,"Comedy, Drama, Romance",Norman Jewison,"Julius J. Epstein (screenplay), Norman Barasch (based upon the play by), Carroll Moore (based upon the play by)","Rock Hudson, Doris Day, Tony Randall, Paul Lynde",English,USA,1 win & 1 nomination.,"[{'Source': 'Internet Movie Database', 'Value': '7.0/10'}, {'Source': 'Rotten Tomatoes', 'Value': '57%'}]",N/A,7.0,"4,697",tt0058571,movie,04 Feb 2003,N/A,MCA Universal Home Video,N/A,b'Uni.',b'n/a',b'n/a',b'n/a',b'n/a',b'10/14/1964'
The Sender,1982,R,22 Oct 1982,91 min,"Drama, Horror, Thriller",Roger Christian,Thomas Baum,"Kathryn Harrold, Zeljko Ivanek, Shirley Knight, Paul Freeman",English,"UK, USA",N/A,"[{'Source': 'Internet Movie Database', 'Value': '6.2/10'}]",N/A,6.2,"1,070",tt0084658,movie,03 Jun 2008,N/A,N/A,N/A,b'Par.',"b'$1,054,328'",b'300',"b'$434,884'",b'300',b'10/22/1982'
Senna,2010,PG-13,25 May 2011,106 min,"Documentary, Biography, Sport",Asif Kapadia,Manish Pandey,"Ayrton Senna, Alain Prost, Frank Williams, Ron Dennis","English, Portuguese, French, Japanese","UK, France, USA",Won 2 BAFTA Film Awards. Another 16 wins & 17 nominations.,"[{'Source': 'Internet Movie Database', 'Value': '8.6/10'}, {'Source': 'Rotten Tomatoes', 'Value': '92%'}, {'Source': 'Metacritic', 'Value': '79/100'}]",79,8.6,"49,744",tt1424432,movie,06 Mar 2012,"$1,602,460",Independent Pictures,http://www.facebook.com/sennamovie,b'PDA',"b'$1,612,430'",b'47',"b'$73,497'",b'2',b'8/12/2011'
The Sensation of Sight,2006,R,10 Nov 2006,134 min,Drama,Aaron J. Wiederspahn,Aaron J. Wiederspahn (screenplay),"David Strathairn, Ian Somerhalder, Daniel Gillies, Jane Adams",English,USA,2 wins.,"[{'Source': 'Internet Movie Database', 'Value': '6.8/10'}, {'Source': 'Rotten Tomatoes', 'Value': '50%'}]",N/A,6.8,535,tt0480001,movie,02 Sep 2008,N/A,Monterey Media,http://www.montereymedia.com/theatrical/films/sensation_of_sight.html,b'Mont.',"b'$23,457'",b'4',"b'$8,256'",b'1',b'11/9/2007'
Sense and Sensibility,1995,PG,26 Jan 1996,136 min,"Drama, Romance",Ang Lee,"Jane Austen (novel), Emma Thompson (screenplay)","James Fleet, Tom Wilkinson, Harriet Walter, Kate Winslet","English, French","USA, UK",Won 1 Oscar. Another 31 wins & 44 nominations.,"[{'Source': 'Internet Movie Database', 'Value': '7.7/10'}, {'Source': 'Rotten Tomatoes', 'Value': '98%'}, {'Source': 'Metacritic', 'Value': '84/100'}]",84,7.7,"84,563",tt0114388,movie,01 Jan 1998,N/A,Columbia Pictures,N/A,b'Sony',"b'$43,182,776'","b'1,054'","b'$721,341'",b'70',b'12/15/1995'
The Sense of an Ending,2017,PG-13,10 Mar 2017,108 min,"Drama, Mystery",Ritesh Batra,"Julian Barnes (novel), Nick Payne (adaptation), Nick Payne (screenplay)","Jim Broadbent, Charlotte Rampling, Harriet Walter, Michelle Dockery",English,UK,1 win.,"[{'Source': 'Internet Movie Database', 'Value': '6.3/10'}, {'Source': 'Rotten Tomatoes', 'Value': '75%'}, {'Source': 'Metacritic', 'Value': '61/100'}]",61,6.3,"2,671",tt4827986,movie,06 Jun 2017,"$1,235,432",CBS Films,N/A,b'CBS',"b'$1,274,420'",b'282',"b'$39,692'",b'4',b'3/10/2017'
Senseless,1998,R,20 Feb 1998,93 min,"Comedy, Romance",Penelope Spheeris,"Greg Erb, Craig Mazin","Marlon Wayans, Brad Dourif, Esther Scott, Debra Jo Rupp",English,USA,N/A,"[{'Source': 'Internet Movie Database', 'Value': '6.0/10'}, {'Source': 'Rotten Tomatoes', 'Value': '6%'}, {'Source': 'Metacritic', 'Value': '36/100'}]",36,6.0,"11,375",tt0120820,movie,07 Dec 1999,N/A,Miramax,N/A,b'Dim.',"b'$12,874,899'","b'1,850'","b'$5,337,651'","b'1,843'",b'2/20/1998'
The Sentinel,2006,PG-13,21 Apr 2006,108 min,"Action, Crime, Thriller",Clark Johnson,"George Nolfi (screenplay), Gerald Petievich (novel)","Michael Douglas, Kiefer Sutherland, Eva Longoria, Martin Donovan",English,USA,2 nominations.,"[{'Source': 'Internet Movie Database', 'Value': '6.1/10'}, {'Source': 'Rotten Tomatoes', 'Value': '33%'}, {'Source': 'Metacritic', 'Value': '49/100'}]",49,6.1,"43,949",tt0443632,movie,29 Aug 2006,"$36,226,144",20th Century Fox,http://www.sentinelthemovie.com/,b'Fox',"b'$36,280,697'","b'2,851'","b'$14,367,854'","b'2,819'",b'4/21/2006'
Seondal: The Man Who Sells the River,2016,N/A,06 Jul 2016,120 min,"Comedy, History",Dae-min Park,Dae-min Park,"Seung-ho Yoo, Jae-hyeon Jo, Suk-ho Jun, Chang-Seok Ko",Korean,South Korea,N/A,"[{'Source': 'Internet Movie Database', 'Value': '6.7/10'}]",N/A,6.7,246,tt5729246,movie,N/A,N/A,N/A,N/A,b'CJ',"b'$97,477'",b'7',"b'$36,415'",b'7',b'7/14/2016'
Seoul Searching,2015,N/A,17 Jun 2016,105 min,"Comedy, Drama, Romance",Benson Lee,Benson Lee,"Justin Chon, Jessika Van, In-Pyo Cha, Teo Yoo","English, Korean, German","South Korea, China, USA",2 wins.,"[{'Source': 'Internet Movie Database', 'Value': '7.4/10'}, {'Source': 'Rotten Tomatoes', 'Value': '79%'}, {'Source': 'Metacritic', 'Value': '63/100'}]",63,7.4,136,tt2566644,movie,N/A,"$8,966",Wonder Vision,http://www.seoulsearchingthemovie.com/,b'Wonder',"b'$18,654'",b'2',"b'$8,966'",b'1',b'6/17/2016'
Separate Lies,2005,R,18 Nov 2005,85 min,"Drama, Romance, Thriller",Julian Fellowes,"Nigel Balchin (based on the novel by ""A Way Through the Wood""), Julian Fellowes","Tom Wilkinson, Emily Watson, Hermione Norris, John Warnaby","English, French",UK,1 win & 5 nominations.,"[{'Source': 'Internet Movie Database', 'Value': '6.5/10'}, {'Source': 'Rotten Tomatoes', 'Value': '72%'}, {'Source': 'Metacritic', 'Value': '71/100'}]",71,6.5,"3,750",tt0369053,movie,21 Feb 2006,"$849,496",Fox Searchlight Pictures,http://www.foxsearchlight.com/separatelies/,b'FoxS',"b'$924,260'",b'127',"b'$22,341'",b'2',b'9/16/2005'
Separate Lives,1995,R,08 Sep 1995,102 min,"Drama, Mystery, Romance",David Madden,Steven Pressfield,"James Belushi, Linda Hamilton, Vera Miles, Elisabeth Moss",English,USA,N/A,"[{'Source': 'Internet Movie Database', 'Value': '5.0/10'}]",N/A,5.0,596,tt0111125,movie,26 Dec 1995,N/A,Trimark,N/A,b'Trim.',"b'$961,147'",b'n/a',b'n/a',b'n/a',b'9/8/1995'
Separate Tables,1958,UNRATED,11 Feb 1959,100 min,"Drama, Romance",Delbert Mann,"Terence Rattigan (screenplay), John Gay (screenplay), Terence Rattigan (based on a play by)","Deborah Kerr, Rita Hayworth, David Niven, Wendy Hiller",English,USA,Won 2 Oscars. Another 5 wins & 15 nominations.,"[{'Source': 'Internet Movie Database', 'Value': '7.5/10'}, {'Source': 'Rotten Tomatoes', 'Value': '77%'}]",N/A,7.5,"5,263",tt0052182,movie,11 Dec 2001,N/A,MGM Home Entertainment,N/A,b'UA',b'n/a',b'n/a',b'n/a',b'n/a',b'12/18/1958'
A Separation,2011,PG-13,16 Mar 2011,123 min,"Drama, Mystery",Asghar Farhadi,Asghar Farhadi,"Payman Maadi, Leila Hatami, Sareh Bayat, Shahab Hosseini",Persian,"Iran, France",Won 1 Oscar. Another 82 wins & 44 nominations.,"[{'Source': 'Internet Movie Database', 'Value': '8.4/10'}, {'Source': 'Rotten Tomatoes', 'Value': '99%'}, {'Source': 'Metacritic', 'Value': '95/100'}]",95,8.4,"171,719",tt1832382,movie,21 Aug 2012,"$6,700,000",Sony Pictures Classics,http://www.sonyclassics.com/aseparation/,b'SPC',"b'$7,099,055'",b'282',"b'$59,481'",b'3',b'12/30/2011'
September,1987,PG,18 Dec 1987,83 min,Drama,Woody Allen,Woody Allen,"Denholm Elliott, Dianne Wiest, Mia Farrow, Elaine Stritch","English, French",USA,N/A,"[{'Source': 'Internet Movie Database', 'Value': '6.7/10'}, {'Source': 'Rotten Tomatoes', 'Value': '64%'}]",N/A,6.7,"7,619",tt0093940,movie,05 Jun 2001,N/A,Orion Home Video,N/A,b'Orion',"b'$486,434'",b'15',"b'$85,731'",b'15',b'12/18/1987'
September 11,2002,UNRATED,11 Sep 2002,134 min,Drama,"Youssef Chahine, Amos Gitai, Alejandro González Iñárritu, Shôhei Imamura, Claude Lelouch, Ken Loach, Samira Makhmalbaf, Mira Nair, Idrissa Ouedraogo, Sean Penn, Danis Tanovic","Alain Brigand (original idea), Youssef Chahine (segment), Sabrina Dhawan (segment), Amos Gitai (segment), Alejandro González Iñárritu (segment), Paul Laverty (segment), Claude Lelouch (adaptation), Claude Lelouch (dialogue), Claude Lelouch, Ken Loach (segment), Samira Makhmalbaf (segment), Idrissa Ouedraogo (segment), Sean Penn (segment), Marie-Jose Sanselme (segment), Danis Tanovic (segment), Daisuke Tengan (segment), Pierre Uytterhoeven (adaptation), Pierre Uytterhoeven (dialogue), Vladimir Vega (segment)","Maryam Karimi, Mohamad Dolati, Agelem Habibi, Esmat Vahedi","English, Spanish, French, Arabic, Hebrew, Persian, French Sign Language, Japanese","UK, France, Egypt, Japan, Mexico, USA, Iran",3 wins & 1 nomination.,"[{'Source': 'Internet Movie Database', 'Value': '7.0/10'}, {'Source': 'Rotten Tomatoes', 'Value': '78%'}, {'Source': 'Metacritic', 'Value': '61/100'}]",61,7.0,"5,045",tt0328802,movie,26 Oct 2004,N/A,Empire Pictures,http://www.empirepicturesusa.com/ep/show_movie.asp?title=10019,b'Emp.',"b'$127,035'",b'6',"b'$7,046'",b'1',b'7/18/2003'
September Dawn,2007,R,24 Aug 2007,111 min,"Drama, History, Romance",Christopher Cain,"Christopher Cain, Carole Whang Schutter","Terence Stamp, Trent Ford, Krisinda Cain, Shaun Johnston",N/A,"USA, Canada",2 nominations.,"[{'Source': 'Internet Movie Database', 'Value': '5.8/10'}, {'Source': 'Rotten Tomatoes', 'Value': '13%'}, {'Source': 'Metacritic', 'Value': '25/100'}]",25,5.8,"2,689",tt0473700,movie,01 Jan 2008,"$1,059,110",Slowhand Releasing,http://www.septemberdawn.net,b'Slow',"b'$1,066,555'",b'857',"b'$601,857'",b'857',b'8/24/2007'
The September Issue,2009,PG-13,25 Sep 2009,90 min,Documentary,R.J. Cutler,N/A,"Thakoon Panichgul, André Leon Talley, Grace Coddington, Anna Wintour",English,USA,2 wins & 5 nominations.,"[{'Source': 'Internet Movie Database', 'Value': '7.0/10'}, {'Source': 'Rotten Tomatoes', 'Value': '83%'}, {'Source': 'Metacritic', 'Value': '69/100'}]",69,7.0,"6,558",tt1331025,movie,23 Feb 2010,"$3,670,036",Roadside Attractions,http://www.theseptemberissue.com/,b'RAtt.',"b'$3,820,067'",b'143',"b'$220,633'",b'6',b'8/28/2009'
Sequins,2015,TV-PG,30 Jun 2015,18 min,Comedy,Dale Fabrigar,Tara Mukund,"Sheila Tejada, Jesseal Amelia, Vince Brocato, Lynne Drabkowski",English,USA,N/A,[],N/A,N/A,N/A,tt4714810,movie,N/A,N/A,N/A,N/A,b'NYer',"b'$26,042'",b'2',"b'$5,706'",b'2',b'5/27/2005'
Seraphim Falls,2006,R,13 Apr 2007,115 min,"Action, Drama, Thriller",David Von Ancken,"David Von Ancken, Abby Everett Jaques","Liam Neeson, Pierce Brosnan, Michael Wincott, Xander Berkeley",English,USA,1 win & 1 nomination.,"[{'Source': 'Internet Movie Database', 'Value': '6.7/10'}, {'Source': 'Rotten Tomatoes', 'Value': '54%'}, {'Source': 'Metacritic', 'Value': '62/100'}]",62,6.7,"26,040",tt0479537,movie,15 May 2007,"$287,772",Samuel Goldwyn Films,http://www.sonypictures.com/movies/seraphimfalls/,b'IDP',"b'$418,296'",b'52',"b'$155,560'",b'52',b'1/26/2007'
Séraphin: un homme et son péché,2002,N/A,01 Dec 2002,110 min,Drama,Charles Binamé,"Pierre Billon, Charles Binamé, Claude-Henri Grignon (novel), Antonine Maillet, Lorraine Richard","Pierre Lebeau, Karine Vanasse, Roy Dupuis, Rémy Girard","French, English",Canada,8 wins & 10 nominations.,"[{'Source': 'Internet Movie Database', 'Value': '6.7/10'}]",N/A,6.7,904,tt0221013,movie,16 Aug 2005,N/A,N/A,N/A,b'All.',"b'$6,749,187'",b'123',"b'$880,723'",b'123',b'11/29/2002'
Seraphine,2011,N/A,12 Dec 2011,6 min,"Short, Drama",Kreuz Chan,Chai Hecht,"Conn Barrett, Jaclyn Carmichael, Ingrid Eskeland, Sherry Finsand",English,USA,N/A,[],N/A,N/A,N/A,tt3513294,movie,N/A,N/A,N/A,N/A,b'MBox',"b'$884,613'",b'24',"b'$38,637'",b'6',b'6/5/2009'
Serena,2014,R,26 Feb 2015,109 min,"Drama, Romance",Susanne Bier,"Christopher Kyle (screenplay), Ron Rash (based on the book by)","Bradley Cooper, Jennifer Lawrence, Rhys Ifans, Toby Jones",English,"Czech Republic, France, USA",1 win.,"[{'Source': 'Internet Movie Database', 'Value': '5.4/10'}, {'Source': 'Rotten Tomatoes', 'Value': '16%'}, {'Source': 'Metacritic', 'Value': '36/100'}]",36,5.4,"20,778",tt1247690,movie,09 Jun 2015,"$326,289",Magnolia Pictures,http://www.facebook.com/SerenaMovie,b'Magn.',"b'$176,391'",b'59',"b'$100,090'",b'59',b'3/27/2015'
Serendipity,2001,PG-13,05 Oct 2001,90 min,"Comedy, Romance",Peter Chelsom,Marc Klein,"John Cusack, Kate Beckinsale, Jeremy Piven, Bridget Moynahan","English, French",USA,3 nominations.,"[{'Source': 'Internet Movie Database', 'Value': '6.9/10'}, {'Source': 'Rotten Tomatoes', 'Value': '59%'}, {'Source': 'Metacritic', 'Value': '52/100'}]",52,6.9,"92,005",tt0240890,movie,09 Apr 2002,"$49,968,653",Miramax Films,http://www.serendipity-themovie.com,b'Mira.',"b'$50,294,317'","b'2,610'","b'$13,309,241'","b'2,601'",b'10/5/2001'
Serenity,2005,PG-13,30 Sep 2005,119 min,"Action, Adventure, Sci-Fi",Joss Whedon,Joss Whedon,"Nathan Fillion, Gina Torres, Alan Tudyk, Morena Baccarin","English, Mandarin",USA,9 wins & 9 nominations.,"[{'Source': 'Internet Movie Database', 'Value': '7.9/10'}, {'Source': 'Rotten Tomatoes', 'Value': '83%'}, {'Source': 'Metacritic', 'Value': '74/100'}]",74,7.9,"255,156",tt0379786,movie,20 Dec 2005,"$25,335,935",Universal Pictures,http://www.serenitymovie.com/,b'Uni.',"b'$25,514,517'","b'2,189'","b'$10,086,680'","b'2,188'",b'9/30/2005'
Sergeant York,1941,APPROVED,27 Sep 1941,134 min,"Biography, Drama, History",Howard Hawks,"Abem Finkel (original screen play), Harry Chandlee (original screen play), Howard Koch (original screen play), John Huston (original screen play), Alvin C. York (based upon: the diary of), Tom Skeyhill (diary editor)","Gary Cooper, Walter Brennan, Joan Leslie, George Tobias","English, French, German",USA,Won 2 Oscars. Another 3 wins & 10 nominations.,"[{'Source': 'Internet Movie Database', 'Value': '7.8/10'}, {'Source': 'Rotten Tomatoes', 'Value': '85%'}]",N/A,7.8,"13,065",tt0034167,movie,07 Nov 2006,N/A,Warner Bros. Pictures,N/A,b'WB',"b'$16,361,885'",b'n/a',b'n/a',b'n/a',b'7/2/1941'
Serial,1980,R,28 Mar 1980,86 min,Comedy,Bill Persky,"Cyra McFadden (novel), Rich Eustis (screenplay), Michael Elias (screenplay)","Martin Mull, Tuesday Weld, Jennifer McAllister, Sam Chew Jr.",English,USA,N/A,"[{'Source': 'Internet Movie Database', 'Value': '6.7/10'}]",N/A,6.7,770,tt0081485,movie,22 Jul 2008,N/A,Paramount Pictures,N/A,b'Par.',"b'$9,870,727'",b'n/a',b'n/a',b'n/a',b'3/28/1980'
Serial Mom,1994,R,13 Apr 1994,95 min,"Comedy, Crime, Thriller",John Waters,John Waters,"Kathleen Turner, Sam Waterston, Ricki Lake, Matthew Lillard",English,USA,1 nomination.,"[{'Source': 'Internet Movie Database', 'Value': '6.7/10'}, {'Source': 'Rotten Tomatoes', 'Value': '60%'}]",N/A,6.7,"22,525",tt0111127,movie,13 Jul 1999,N/A,HBO Video,N/A,b'Sav.',"b'$7,820,688'",b'560',"b'$2,040,450'",b'502',b'4/13/1994'
Series 7: The Contenders,2001,R,25 May 2001,86 min,"Comedy, Thriller",Daniel Minahan,Daniel Minahan,"Brooke Smith, Mark Woodbury, Michael Kaycheck, Marylouise Burke",English,USA,3 wins & 4 nominations.,"[{'Source': 'Internet Movie Database', 'Value': '6.6/10'}, {'Source': 'Rotten Tomatoes', 'Value': '70%'}, {'Source': 'Metacritic', 'Value': '55/100'}]",55,6.6,"5,975",tt0251031,movie,18 Dec 2001,N/A,USA Films,http://www.series7movie.com,b'USA',"b'$195,065'",b'10',"b'$28,844'",b'2',b'3/2/2001'
A Serious Man,2009,R,06 Nov 2009,106 min,"Comedy, Drama","Ethan Coen, Joel Coen","Joel Coen, Ethan Coen","Michael Stuhlbarg, Richard Kind, Fred Melamed, Sari Lennick","English, Yiddish, Hebrew","USA, UK, France",Nominated for 2 Oscars. Another 17 wins & 71 nominations.,"[{'Source': 'Internet Movie Database', 'Value': '7.0/10'}, {'Source': 'Rotten Tomatoes', 'Value': '90%'}, {'Source': 'Metacritic', 'Value': '79/100'}]",79,7.0,"110,545",tt1019452,movie,09 Feb 2010,"$9,190,525",Focus Features,http://www.facebook.com/ASeriousMan,b'Focus',"b'$9,228,768'",b'262',"b'$251,337'",b'6',b'10/2/2009'
Serious Moonlight,2009,R,04 Dec 2009,81 min,"Comedy, Crime, Romance",Cheryl Hines,Adrienne Shelly,"Meg Ryan, Timothy Hutton, Justin Long, Kristen Bell",English,USA,1 win.,"[{'Source': 'Internet Movie Database', 'Value': '5.4/10'}, {'Source': 'Rotten Tomatoes', 'Value': '22%'}, {'Source': 'Metacritic', 'Value': '36/100'}]",36,5.4,"7,066",tt1133993,movie,09 Feb 2010,N/A,Magnolia Pictures,http://seriousmoonlightfilm.com,b'Magn.',"b'$25,339'",b'8',"b'$11,636'",b'8',b'12/4/2009'
The Serpent and the Rainbow,1988,R,05 Feb 1988,98 min,"Fantasy, Horror",Wes Craven,"Wade Davis (inspired by the book), Richard Maxwell (screenplay), Adam Rodman (screenplay)","Bill Pullman, Cathy Tyson, Zakes Mokae, Paul Winfield","English, French, Spanish",USA,1 nomination.,"[{'Source': 'Internet Movie Database', 'Value': '6.5/10'}, {'Source': 'Metacritic', 'Value': '63/100'}]",63,6.5,"18,574",tt0096071,movie,19 Aug 2008,N/A,N/A,N/A,b'Uni.',"b'$19,595,031'","b'1,431'","b'$5,848,700'","b'1,430'",b'2/5/1988'
Serpico,1973,R,26 Feb 1974,130 min,"Biography, Crime, Drama",Sidney Lumet,"Peter Maas (book), Waldo Salt (screenplay), Norman Wexler (screenplay)","Al Pacino, John Randolph, Jack Kehoe, Biff McGuire","English, Italian, Spanish","Italy, USA",Nominated for 2 Oscars. Another 5 wins & 9 nominations.,"[{'Source': 'Internet Movie Database', 'Value': '7.8/10'}, {'Source': 'Rotten Tomatoes', 'Value': '90%'}, {'Source': 'Metacritic', 'Value': '87/100'}]",87,7.8,"87,848",tt0070666,movie,03 Dec 2002,N/A,Paramount Pictures,N/A,b'Par.',"b'$29,800,000'",b'n/a',b'n/a',b'n/a',b'12/5/1973'
Serum,2006,R,30 Oct 2006,89 min,"Horror, Sci-Fi",Steve Franke,Steve Franke,"Derek Phillips, Dennis O'Neill, Liz Cardenas Franke, David Hickey",English,USA,N/A,"[{'Source': 'Internet Movie Database', 'Value': '3.6/10'}]",N/A,3.6,371,tt0872335,movie,09 Jan 2007,N/A,Arrival Pictures,http://www.myspace.com/serumthemovie,b'Arv.',b'$440',b'1',b'n/a',b'n/a',b'10/30/2006'
Served Like a Girl,2017,N/A,13 Mar 2017,103 min,Documentary,Lysa Heslov,"Tchavdar Georgiev, Lysa Heslov","Nichole Alred, Jas Boothe, Rachel Engler, Hope Garcia",English,USA,1 win & 2 nominations.,"[{'Source': 'Internet Movie Database', 'Value': '8.4/10'}, {'Source': 'Rotten Tomatoes', 'Value': '100%'}]",N/A,8.4,17,tt6175710,movie,N/A,"$8,237",Entertainment Studios Motion Pictures,http://servedlikeagirl.com,b'ENTMP',"b'$8,290'",b'8',"b'$1,844'",b'4',b'8/25/2017'
Serving Sara,2002,PG-13,23 Aug 2002,99 min,"Comedy, Romance",Reginald Hudlin,"Jay Scherick, David Ronn","Matthew Perry, Elizabeth Hurley, Vincent Pastore, Bruce Campbell","English, Spanish","Germany, USA",N/A,"[{'Source': 'Internet Movie Database', 'Value': '5.3/10'}, {'Source': 'Rotten Tomatoes', 'Value': '4%'}, {'Source': 'Metacritic', 'Value': '18/100'}]",18,5.3,"15,006",tt0261289,movie,28 Jan 2003,"$16,881,019",Paramount Pictures,http://www.servingsara.com,b'Par.',"b'$16,930,185'","b'2,174'","b'$5,758,236'","b'2,154'",b'8/23/2002'
Session 9,2001,R,14 Sep 2001,97 min,"Horror, Mystery",Brad Anderson,"Brad Anderson, Stephen Gevedon","David Caruso, Stephen Gevedon, Paul Guilfoyle, Josh Lucas",English,USA,2 wins & 1 nomination.,"[{'Source': 'Internet Movie Database', 'Value': '6.5/10'}, {'Source': 'Rotten Tomatoes', 'Value': '63%'}, {'Source': 'Metacritic', 'Value': '58/100'}]",58,6.5,"46,862",tt0261983,movie,26 Feb 2002,N/A,USA Films,http://www.sessionnine.com,b'USA',"b'$378,176'",b'30',"b'$76,493'",b'30',b'8/10/2001'
The Sessions,2012,R,16 Nov 2012,95 min,"Biography, Comedy, Drama",Ben Lewin,"Ben Lewin (written for the screen by), Mark O'Brien (article)","John Hawkes, Helen Hunt, William H. Macy, Moon Bloodgood",English,USA,Nominated for 1 Oscar. Another 18 wins & 63 nominations.,"[{'Source': 'Internet Movie Database', 'Value': '7.2/10'}, {'Source': 'Rotten Tomatoes', 'Value': '93%'}, {'Source': 'Metacritic', 'Value': '79/100'}]",79,7.2,"38,139",tt1866249,movie,12 Feb 2013,"$5,997,134",Fox Searchlight Pictures,http://www.foxsearchlight.com/thesessions/,b'FoxS',"b'$6,002,451'",b'516',"b'$113,467'",b'4',b'10/19/2012'
Set Fire to the Stars,2014,UNRATED,12 Jun 2015,97 min,"Biography, Drama",Andy Goddard,"Andy Goddard, Celyn Jones","Elijah Wood, Celyn Jones, Kelly Reilly, Steven Mackintosh",English,UK,3 wins & 9 nominations.,"[{'Source': 'Internet Movie Database', 'Value': '5.8/10'}, {'Source': 'Rotten Tomatoes', 'Value': '56%'}, {'Source': 'Metacritic', 'Value': '49/100'}]",49,5.8,"1,188",tt3455740,movie,20 Jul 2015,"$4,280",Strand Releasing,http://www.setfiretothestars.com/,b'Strand',"b'$4,280'",b'3',"b'$1,132'",b'1',b'6/12/2015'
Set It Off,1996,R,06 Nov 1996,123 min,"Action, Crime, Drama",F. Gary Gray,"Takashi Bufford (story), Takashi Bufford (screenplay), Kate Lanier (screenplay)","Jada Pinkett Smith, Queen Latifah, Vivica A. Fox, Kimberly Elise",English,USA,5 wins & 5 nominations.,"[{'Source': 'Internet Movie Database', 'Value': '6.8/10'}, {'Source': 'Rotten Tomatoes', 'Value': '63%'}]",N/A,6.8,"11,271",tt0117603,movie,14 Sep 1999,N/A,New Line Home Entertainment,N/A,b'NL',"b'$36,461,139'","b'1,016'","b'$8,812,105'","b'1,014'",b'11/8/1996'
Set Me Free,1999,N/A,28 Jul 1999,95 min,"Drama, Romance",Léa Pool,"Nancy Huston (screenplay), Monique H. Messier (screenplay), Léa Pool (original idea), Léa Pool, Isabelle Raynault (screenplay)","Karine Vanasse, Pascale Bussières, Predrag 'Miki' Manojlovic, Alexandre Mérineau",French,"Switzerland, Canada, France",15 wins & 9 nominations.,"[{'Source': 'Internet Movie Database', 'Value': '7.1/10'}, {'Source': 'Rotten Tomatoes', 'Value': '80%'}, {'Source': 'Metacritic', 'Value': '80/100'}]",80,7.1,779,tt0148103,movie,24 Oct 2000,N/A,Criterion Collection,N/A,b'AL',"b'$74,052'",b'1',"b'$4,905'",b'1',b'4/14/2000'
The Set-Up,1949,APPROVED,02 Apr 1949,73 min,"Crime, Film-Noir, Sport",Robert Wise,"Art Cohn (screenplay), Joseph Moncure March (from the poem by)","Robert Ryan, Audrey Totter, George Tobias, Alan Baxter",English,USA,Nominated for 1 BAFTA Film Award. Another 2 wins & 1 nomination.,"[{'Source': 'Internet Movie Database', 'Value': '7.8/10'}, {'Source': 'Rotten Tomatoes', 'Value': '86%'}]",N/A,7.8,"6,279",tt0041859,movie,06 Jul 2004,N/A,RKO Pictures,N/A,b'RKO',b'n/a',b'n/a',b'n/a',b'n/a',b'3/29/1949'
Settai,2013,NOT RATED,05 Apr 2013,136 min,"Comedy, Crime",R. Kannan,John Mahendran,"Arya, Hansika Motwani, Anjali, Santhanam","Tamil, Telugu",India,N/A,"[{'Source': 'Internet Movie Database', 'Value': '4.5/10'}]",N/A,4.5,345,tt2677816,movie,N/A,"$84,405",UTV Motion Pictures,N/A,b'UTV',"b'$87,838'",b'33',"b'$52,386'",b'33',b'4/5/2013'
The Settlers,2016,N/A,16 Jun 2016,107 min,Documentary,Shimon Dotan,"Oron Adar, Shimon Dotan",N/A,"English, Hebrew, Arabic","France, Germany, Israel, Canada",4 nominations.,"[{'Source': 'Internet Movie Database', 'Value': '7.6/10'}, {'Source': 'Metacritic', 'Value': '75/100'}]",75,7.6,112,tt5278914,movie,N/A,N/A,N/A,N/A,b'FRun',"b'$14,556'",b'1',"b'$2,812'",b'1',b'1/15/2002'
Seven Samurai,1954,NOT RATED,19 Nov 1956,207 min,"Adventure, Drama",Akira Kurosawa,"Akira Kurosawa (screenplay), Shinobu Hashimoto (screenplay), Hideo Oguni (screenplay)","Toshirô Mifune, Takashi Shimura, Keiko Tsushima, Yukiko Shimazaki",Japanese,Japan,Nominated for 2 Oscars. Another 5 wins & 6 nominations.,"[{'Source': 'Internet Movie Database', 'Value': '8.7/10'}, {'Source': 'Rotten Tomatoes', 'Value': '100%'}, {'Source': 'Metacritic', 'Value': '98/100'}]",98,8.7,"251,469",tt0047478,movie,01 Mar 1999,N/A,Columbia Pictures,N/A,b'NL',"b'$100,125,643'","b'2,528'","b'$13,949,807'","b'2,441'",b'9/22/1995'
Seven Brides for Seven Brothers,1954,G,06 Aug 1954,102 min,"Comedy, Drama, Musical",Stanley Donen,"Albert Hackett (screenplay), Frances Goodrich (screenplay), Dorothy Kingsley (screenplay), Stephen Vincent Benet (story ""The Sobbin' Women"")","Howard Keel, Jeff Richards, Russ Tamblyn, Tommy Rall",English,USA,Won 1 Oscar. Another 4 wins & 7 nominations.,"[{'Source': 'Internet Movie Database', 'Value': '7.4/10'}, {'Source': 'Rotten Tomatoes', 'Value': '88%'}]",N/A,7.4,"17,418",tt0047472,movie,27 Apr 1999,N/A,MGM Home Entertainment,N/A,b'MGM',b'n/a',b'n/a',b'n/a',b'n/a',b'7/22/1954'
Seven Days in Utopia,2011,G,02 Sep 2011,100 min,"Drama, Sport",Matt Russell,"David L. Cook (screenplay), Rob Levine (screenplay), Matt Russell (screenplay), Sandra Thrift (screenplay), David L. Cook (novel)","Robert Duvall, Lucas Black, Melissa Leo, Deborah Ann Woll",English,USA,5 nominations.,"[{'Source': 'Internet Movie Database', 'Value': '6.1/10'}, {'Source': 'Rotten Tomatoes', 'Value': '16%'}, {'Source': 'Metacritic', 'Value': '37/100'}]",37,6.1,"2,610",tt1699147,movie,28 Nov 2011,"$4,367,448",Steamboat Rock,http://www.sevendaysinutopia.com/,b'Visio',"b'$4,373,074'",b'561',"b'$1,316,910'",b'561',b'9/2/2011'
The Seven Five,2014,R,08 May 2015,104 min,"Documentary, Biography, Crime",Tiller Russell,N/A,"Ken Eurell, Walter Yurkiw, Chickie, Dori Eurell",English,USA,2 nominations.,"[{'Source': 'Internet Movie Database', 'Value': '7.6/10'}, {'Source': 'Rotten Tomatoes', 'Value': '85%'}, {'Source': 'Metacritic', 'Value': '69/100'}]",69,7.6,"3,767",tt4136056,movie,08 May 2015,N/A,IFC Films,http://www.thesevenfivemovie.com/,b'IFC',"b'$48,869'",b'5',"b'$14,785'",b'2',b'5/8/2015'
Seven Hours to Judgment,1988,R,16 Sep 1988,90 min,"Action, Crime, Drama",Beau Bridges,"Walter Halsey Davis (story), Walter Halsey Davis (screenplay), Elliot Stephens (screenplay)","Beau Bridges, Ron Leibman, Julianne Phillips, Tiny Ron",English,USA,N/A,"[{'Source': 'Internet Movie Database', 'Value': '4.7/10'}]",N/A,4.7,194,tt0096072,movie,03 Jun 2003,N/A,Media Home Entertainment,N/A,b'TWE',"b'$177,820'",b'73',"b'$66,352'",b'73',b'9/16/1988'
Seven Pounds,2008,PG-13,19 Dec 2008,123 min,"Drama, Romance",Gabriele Muccino,Grant Nieporte,"Will Smith, Rosario Dawson, Woody Harrelson, Michael Ealy","English, Spanish",USA,5 wins & 6 nominations.,"[{'Source': 'Internet Movie Database', 'Value': '7.7/10'}, {'Source': 'Rotten Tomatoes', 'Value': '26%'}, {'Source': 'Metacritic', 'Value': '36/100'}]",36,7.7,"250,623",tt0814314,movie,31 Mar 2009,"$69,951,824",Sony Pictures,http://www.sevenpounds.com/,b'Sony',"b'$69,951,824'","b'2,758'","b'$14,851,136'","b'2,758'",b'12/19/2008'
Seven Psychopaths,2012,R,12 Oct 2012,110 min,"Comedy, Crime",Martin McDonagh,Martin McDonagh,"Michael Pitt, Michael Stuhlbarg, Sam Rockwell, Colin Farrell","English, Vietnamese",UK,3 wins & 21 nominations.,"[{'Source': 'Internet Movie Database', 'Value': '7.2/10'}, {'Source': 'Rotten Tomatoes', 'Value': '82%'}, {'Source': 'Metacritic', 'Value': '66/100'}]",66,7.2,"201,660",tt1931533,movie,29 Jan 2013,"$15,000,000",CBS Films,http://www.sevenpsychopaths.com/,b'CBS',"b'$15,024,049'","b'1,480'","b'$4,174,915'","b'1,480'",b'10/12/2012'
Seven Samurai,1954,NOT RATED,19 Nov 1956,207 min,"Adventure, Drama",Akira Kurosawa,"Akira Kurosawa (screenplay), Shinobu Hashimoto (screenplay), Hideo Oguni (screenplay)","Toshirô Mifune, Takashi Shimura, Keiko Tsushima, Yukiko Shimazaki",Japanese,Japan,Nominated for 2 Oscars. Another 5 wins & 6 nominations.,"[{'Source': 'Internet Movie Database', 'Value': '8.7/10'}, {'Source': 'Rotten Tomatoes', 'Value': '100%'}, {'Source': 'Metacritic', 'Value': '98/100'}]",98,8.7,"251,469",tt0047478,movie,01 Mar 1999,N/A,Columbia Pictures,N/A,b'Col.',b'n/a*',b'n/a',b'n/a',b'n/a',b'11/19/1956'
Seven Sinners,1940,APPROVED,25 Oct 1940,87 min,"Comedy, Drama, Romance",Tay Garnett,"John Meehan (screen play), Harry Tugend (screen play), Ladislas Fodor (original story), László Vadnay (original story)","Marlene Dietrich, John Wayne, Albert Dekker, Broderick Crawford",English,USA,N/A,"[{'Source': 'Internet Movie Database', 'Value': '6.9/10'}]",N/A,6.9,927,tt0033038,movie,N/A,N/A,Universal,N/A,b'Uni.',b'n/a',b'n/a',b'n/a',b'n/a',b'10/25/1940'
Seven Thieves,1960,APPROVED,11 Mar 1960,102 min,"Crime, Drama",Henry Hathaway,"Sydney Boehm (screenplay), Max Catto (novel)","Edward G. Robinson, Rod Steiger, Joan Collins, Eli Wallach","English, French",USA,N/A,"[{'Source': 'Internet Movie Database', 'Value': '6.6/10'}]",N/A,6.6,993,tt0054295,movie,10 Jul 2007,N/A,Twentieth Century Fox,N/A,b'Fox',b'n/a',b'n/a',b'n/a',b'n/a',b'3/12/1960'
Seven Years in Tibet,1997,PG-13,10 Oct 1997,136 min,"Adventure, Biography, Drama",Jean-Jacques Annaud,"Heinrich Harrer (book), Becky Johnston (screenplay)","Brad Pitt, David Thewlis, BD Wong, Mako","English, German, Mandarin, Tibetan, Hindi","USA, UK",Nominated for 1 Golden Globe. Another 3 wins & 7 nominations.,"[{'Source': 'Internet Movie Database', 'Value': '7.0/10'}, {'Source': 'Rotten Tomatoes', 'Value': '61%'}, {'Source': 'Metacritic', 'Value': '55/100'}]",55,7.0,"104,174",tt0120102,movie,07 Apr 1998,N/A,Sony Pictures Home Entertainment,N/A,b'Sony',"b'$37,957,682'","b'2,103'","b'$10,020,378'","b'2,103'",b'10/10/1997'
The Seventh Fire,2015,N/A,13 May 2016,76 min,"Documentary, Drama, Family",Jack Pettibone Riccobono,"Jack Pettibone Riccobono, Shane Slattery-Quintanilla, Andrew Ford",N/A,English,USA,6 nominations.,"[{'Source': 'Internet Movie Database', 'Value': '6.2/10'}, {'Source': 'Rotten Tomatoes', 'Value': '93%'}, {'Source': 'Metacritic', 'Value': '66/100'}]",66,6.2,110,tt3263548,movie,06 Sep 2016,"$27,120",Sundial Pictures,http://www.theseventhfire.com/,b'FM',"b'$30,112'",b'3',"b'$8,277'",b'2',b'7/22/2016'
Seventh Heaven,1937,APPROVED,25 Mar 1937,102 min,"Drama, Romance",Henry King,"Melville Baker, Austin Strong (play)","Simone Simon, James Stewart, Jean Hersholt, Gregory Ratoff",English,USA,1 nomination.,"[{'Source': 'Internet Movie Database', 'Value': '6.9/10'}]",N/A,6.9,507,tt0029539,movie,N/A,N/A,20th Century Fox,N/A,b'Zeit.',"b'$79,808'",b'2',b'n/a',b'n/a',b'7/29/1998'
The Seventh Seal,1957,NOT RATED,13 Oct 1958,96 min,"Drama, Fantasy",Ingmar Bergman,"Ingmar Bergman (play), Ingmar Bergman (screenplay)","Gunnar Björnstrand, Bengt Ekerot, Nils Poppe, Max von Sydow","Swedish, Latin",Sweden,7 wins & 1 nomination.,"[{'Source': 'Internet Movie Database', 'Value': '8.2/10'}, {'Source': 'Rotten Tomatoes', 'Value': '92%'}]",N/A,8.2,"124,862",tt0050976,movie,17 Nov 2009,N/A,Janus Films,N/A,b'Jan.',b'n/a',b'n/a',b'n/a',b'n/a',b'10/13/1958'
The Seventh Sign,1988,R,01 Apr 1988,97 min,"Drama, Fantasy, Horror",Carl Schultz,"Clifford Green, Ellen Green","Demi Moore, Michael Biehn, Jürgen Prochnow, Peter Friedman","English, Hebrew",USA,1 win & 1 nomination.,"[{'Source': 'Internet Movie Database', 'Value': '5.9/10'}, {'Source': 'Rotten Tomatoes', 'Value': '19%'}]",N/A,5.9,"11,139",tt0096073,movie,13 Oct 1998,N/A,Sony Pictures Home Entertainment,N/A,b'TriS',"b'$18,875,011'","b'1,258'","b'$3,768,707'","b'1,256'",b'4/1/1988'
Seventh Son,2014,PG-13,06 Feb 2015,102 min,"Action, Adventure, Fantasy",Sergei Bodrov,"Charles Leavitt (screenplay), Steven Knight (screenplay), Matt Greenberg (screen story), Joseph Delaney (novel)","Jeff Bridges, Ben Barnes, Julianne Moore, Alicia Vikander",English,"USA, UK, Canada, China",2 wins & 1 nomination.,"[{'Source': 'Internet Movie Database', 'Value': '5.5/10'}, {'Source': 'Rotten Tomatoes', 'Value': '13%'}, {'Source': 'Metacritic', 'Value': '30/100'}]",30,5.5,"61,709",tt1121096,movie,26 May 2015,"$14,945,592",Universal,http://www.seventhsonmovie.com,b'Uni.',"b'$17,223,265'","b'2,875'","b'$7,217,640'","b'2,875'",b'2/6/2015'
Severance,2006,R,25 Aug 2006,96 min,"Comedy, Horror, Thriller",Christopher Smith,"James Moran (screenplay), Christopher Smith (screenplay), James Moran (story)","Toby Stephens, Claudie Blakley, Andy Nyman, Babou Ceesay","English, Hungarian, Russian","UK, Germany",3 wins & 2 nominations.,"[{'Source': 'Internet Movie Database', 'Value': '6.5/10'}, {'Source': 'Rotten Tomatoes', 'Value': '64%'}, {'Source': 'Metacritic', 'Value': '62/100'}]",62,6.5,"33,196",tt0464196,movie,18 Sep 2007,"$66,719",Magnolia Pictures,http://severancefilm.com/,b'Magn.',"b'$137,221'",b'34',"b'$8,316'",b'2',b'5/18/2007'
Severed Ways: The Norse Discovery of America,2007,NOT RATED,22 Jun 2007,107 min,"Adventure, Drama",Tony Stone,Tony Stone,"Fiore Tedesco, Tony Stone, David Perry, Noelle Bailey",Swedish,USA,1 nomination.,"[{'Source': 'Internet Movie Database', 'Value': '4.6/10'}, {'Source': 'Rotten Tomatoes', 'Value': '32%'}, {'Source': 'Metacritic', 'Value': '51/100'}]",51,4.6,460,tt1062965,movie,28 Jul 2009,N/A,Magnolia Pictures,http://www.severedways.com/,b'Magn.',"b'$18,728'",b'1',"b'$7,686'",b'1',b'3/13/2009'
Sex and Death 101,2007,R,22 Feb 2008,117 min,"Comedy, Drama, Romance",Daniel Waters,Daniel Waters,"Robert Wisdom, Tanc Sade, Patton Oswalt, Simon Baker",English,USA,1 win.,"[{'Source': 'Internet Movie Database', 'Value': '6.0/10'}, {'Source': 'Rotten Tomatoes', 'Value': '25%'}, {'Source': 'Metacritic', 'Value': '24/100'}]",24,6.0,"9,866",tt0497972,movie,01 Jul 2008,N/A,Anchor Bay Entertainment,http://www.sexanddeath101movie.com/,b'Anch.',"b'$23,624'",b'6',"b'$13,516'",b'5',b'4/4/2008'
Sex and Lucia,2001,R,24 Aug 2001,128 min,"Drama, Romance",Julio Medem,Julio Medem,"Paz Vega, Tristán Ulloa, Najwa Nimri, Daniel Freire","Spanish, English","Spain, France",10 wins & 17 nominations.,"[{'Source': 'Internet Movie Database', 'Value': '7.2/10'}, {'Source': 'Rotten Tomatoes', 'Value': '71%'}, {'Source': 'Metacritic', 'Value': '65/100'}]",65,7.2,"31,186",tt0254455,movie,25 Mar 2003,"$1,371,826",Palm Pictures,http://www.sexandluciafilm.com/,b'Palm',"b'$1,594,779'",b'33',"b'$47,591'",b'7',b'7/12/2002'
Sex and the City,2008,R,30 May 2008,145 min,"Comedy, Drama, Romance",Michael Patrick King,"Michael Patrick King, Candace Bushnell (book), Darren Star (television series creator)","Sarah Jessica Parker, Kim Cattrall, Kristin Davis, Cynthia Nixon",English,USA,2 wins & 12 nominations.,"[{'Source': 'Internet Movie Database', 'Value': '5.5/10'}, {'Source': 'Rotten Tomatoes', 'Value': '49%'}, {'Source': 'Metacritic', 'Value': '53/100'}]",53,5.5,"104,379",tt1000774,movie,23 Sep 2008,"$152,595,674",Warner Bros. Pictures,http://www.sexandthecitymovie.com/,b'WB (NL)',"b'$152,647,258'","b'3,325'","b'$57,038,404'","b'3,285'",b'5/30/2008'
Sex and the City 2,2010,R,27 May 2010,146 min,"Comedy, Drama, Romance",Michael Patrick King,"Michael Patrick King, Candace Bushnell (characters from the book by), Darren Star (television series creator)","Sarah Jessica Parker, Kristin Davis, Cynthia Nixon, Kim Cattrall","English, Arabic",USA,8 wins & 9 nominations.,"[{'Source': 'Internet Movie Database', 'Value': '4.4/10'}, {'Source': 'Rotten Tomatoes', 'Value': '16%'}, {'Source': 'Metacritic', 'Value': '27/100'}]",27,4.4,"63,957",tt1261945,movie,26 Oct 2010,"$95,328,937",Warner Bros. Pictures,http://sexandthecitymovie.com/,b'WB (NL)',"b'$95,347,692'","b'3,445'","b'$31,001,870'","b'3,445'",b'5/27/2010'
Sex Drive,2008,R,17 Oct 2008,109 min,"Adventure, Comedy, Romance",Sean Anders,"Sean Anders (screenplay), John Morris (screenplay), Andy Behrens (book)","Josh Zuckerman, Amanda Crew, Clark Duke, James Marsden",English,USA,N/A,"[{'Source': 'Internet Movie Database', 'Value': '6.5/10'}, {'Source': 'Rotten Tomatoes', 'Value': '45%'}, {'Source': 'Metacritic', 'Value': '49/100'}]",49,6.5,"76,026",tt1135985,movie,24 Feb 2009,"$8,364,827",Summit Entertainment,http://www.sexdrivethemovie.com/,b'Sum.',"b'$8,402,485'","b'2,421'","b'$3,607,164'","b'2,421'",b'10/17/2008'
Sex Is Comedy,2002,R,05 Jun 2002,92 min,"Comedy, Drama, Romance",Catherine Breillat,Catherine Breillat,"Anne Parillaud, Grégoire Colin, Roxane Mesquida, Ashley Wanninger","French, Portuguese","France, Portugal",1 nomination.,"[{'Source': 'Internet Movie Database', 'Value': '5.7/10'}, {'Source': 'Rotten Tomatoes', 'Value': '70%'}, {'Source': 'Metacritic', 'Value': '63/100'}]",63,5.7,"2,441",tt0304678,movie,22 Feb 2005,N/A,IFC Films,http://www.flachfilm.com/film.php?lang=fr&id_film=1,b'IFC',"b'$40,470'",b'4',"b'$3,370'",b'1',b'10/20/2004'
Sex Is...,1993,N/A,30 Apr 1993,82 min,Documentary,Marc Huestis,N/A,"Larry Brinkin, Danny Castellow, Alex Chee, Wayne Corbitt",English,USA,1 win.,"[{'Source': 'Internet Movie Database', 'Value': '6.3/10'}]",N/A,6.3,107,tt0108090,movie,08 Jun 1994,N/A,Outsider Productions,N/A,b'OutF',"b'$530,833'",b'6',b'n/a',b'n/a',b'5/7/1993'
Sex Positive,2008,R,08 Mar 2008,75 min,Documentary,Daryl Wein,N/A,"Don Adler, Richard Berkowitz, Susan Brown, Demetre Daskalakis",English,USA,1 win & 1 nomination.,"[{'Source': 'Internet Movie Database', 'Value': '6.6/10'}, {'Source': 'Rotten Tomatoes', 'Value': '81%'}, {'Source': 'Metacritic', 'Value': '65/100'}]",65,6.6,168,tt1183697,movie,15 Jun 2010,N/A,Regent Releasing/here! Films,http://www.sexpositive-themovie.com,b'Reg.',"b'$12,069'",b'1',"b'$3,408'",b'1',b'6/12/2009'
Sex Sells: The Making of 'Touché',2005,R,25 Feb 2005,96 min,"Comedy, Romance",Jonathan Liebert,Jonathan Liebert,"Priscilla Barnes, Mark DeCarlo, Jay Michael Ferguson, Eva Frajko",English,USA,N/A,"[{'Source': 'Internet Movie Database', 'Value': '5.0/10'}]",N/A,5.0,395,tt0372401,movie,27 Mar 2007,N/A,N/A,N/A,b'HB',"b'$3,252'",b'1',"b'$2,386'",b'1',b'2/25/2005'
Sex Tape,2014,R,18 Jul 2014,94 min,"Comedy, Romance",Jake Kasdan,"Kate Angelo (screenplay), Jason Segel (screenplay), Nicholas Stoller (screenplay), Kate Angelo (story)","Cameron Diaz, Jason Segel, Rob Corddry, Ellie Kemper","English, Ukrainian",USA,2 wins & 3 nominations.,"[{'Source': 'Internet Movie Database', 'Value': '5.1/10'}, {'Source': 'Rotten Tomatoes', 'Value': '17%'}, {'Source': 'Metacritic', 'Value': '36/100'}]",36,5.1,"92,413",tt1956620,movie,21 Oct 2014,"$34,279,302",Sony Pictures,http://www.sonypictures.com/movies/sextape/,b'Sony',"b'$38,543,473'","b'3,062'","b'$14,608,152'","b'3,062'",b'7/18/2014'
Sex with Strangers,2002,N/A,22 Feb 2002,105 min,"Documentary, Drama","Harry Gantz, Joe Gantz",N/A,N/A,English,USA,N/A,"[{'Source': 'Internet Movie Database', 'Value': '4.7/10'}, {'Source': 'Rotten Tomatoes', 'Value': '39%'}, {'Source': 'Metacritic', 'Value': '44/100'}]",44,4.7,307,tt0304692,movie,09 Dec 2003,N/A,View Film,N/A,b'David',"b'$254,852'",b'8',"b'$8,584'",b'4',b'2/22/2002'
"Sex, Death and Bowling",2015,R,30 Oct 2015,92 min,"Comedy, Drama, Family",Ally Walker,"Ally Walker (story), Ally Walker, Ally Walker","Joshua Rush, Adrian Grenier, Joanna Ranee Wood, Betsy Cramer",English,USA,1 nomination.,"[{'Source': 'Internet Movie Database', 'Value': '5.2/10'}, {'Source': 'Rotten Tomatoes', 'Value': '17%'}]",N/A,5.2,251,tt3250032,movie,N/A,N/A,Monterey Media,N/A,b'Mont.',"b'$5,972'",b'3',b'$50',b'1',b'10/30/2015'
"Sex, Lies, and Videotape",1989,R,22 Sep 1989,100 min,Drama,Steven Soderbergh,Steven Soderbergh,"James Spader, Andie MacDowell, Peter Gallagher, Laura San Giacomo",English,USA,Nominated for 1 Oscar. Another 15 wins & 22 nominations.,"[{'Source': 'Internet Movie Database', 'Value': '7.2/10'}, {'Source': 'Rotten Tomatoes', 'Value': '98%'}, {'Source': 'Metacritic', 'Value': '86/100'}]",86,7.2,"40,757",tt0098724,movie,28 Aug 2001,N/A,Sony Pictures Home Entertainment,N/A,b'Mira.',"b'$24,741,667'",b'534',"b'$155,982'",b'4',b'8/4/1989'
"Sex, Politics & Cocktails",2002,N/A,20 May 2005,90 min,"Comedy, Romance",Julien Hernandez,Julien Hernandez,"Julien Hernandez, Marisa Petroro, Seth Macari, Alex Douglas",English,USA,1 win.,"[{'Source': 'Internet Movie Database', 'Value': '4.3/10'}, {'Source': 'Rotten Tomatoes', 'Value': '0%'}, {'Source': 'Metacritic', 'Value': '24/100'}]",24,4.3,196,tt0341573,movie,30 Aug 2005,N/A,Regent Releasing,http://www.sexpoliticsandcocktails-themovie.com,b'Reg.',"b'$26,087'",b'2',"b'$6,058'",b'2',b'5/20/2005'
Sexy Beast,2000,R,13 Jul 2001,89 min,"Crime, Drama, Thriller",Jonathan Glazer,"Louis Mellis, David Scinto","Ray Winstone, Ben Kingsley, Ian McShane, Amanda Redman","English, Spanish","UK, Spain",Nominated for 1 Oscar. Another 21 wins & 20 nominations.,"[{'Source': 'Internet Movie Database', 'Value': '7.3/10'}, {'Source': 'Rotten Tomatoes', 'Value': '86%'}, {'Source': 'Metacritic', 'Value': '79/100'}]",79,7.3,"46,429",tt0203119,movie,12 Mar 2002,"$5,972,627",20th Century Fox,http://www.foxsearchlight.com/sexy_beast/index.htm,b'FoxS',"b'$6,946,056'",b'194',"b'$170,356'",b'9',b'6/15/2001'
Seymour: An Introduction,2014,PG,10 Sep 2015,84 min,"Documentary, Biography, Music",Ethan Hawke,N/A,"Seymour Bernstein, Jiyang Chen, Ethan Hawke, Junko Ichikawa",English,USA,2 wins & 2 nominations.,"[{'Source': 'Internet Movie Database', 'Value': '7.5/10'}, {'Source': 'Rotten Tomatoes', 'Value': '100%'}, {'Source': 'Metacritic', 'Value': '83/100'}]",83,7.5,843,tt2219650,movie,03 Nov 2015,"$723,701",IFC Films,http://www.ifcfilms.com/films/seymour-an-introduction,b'IFC',"b'$743,541'",b'64',"b'$26,587'",b'2',b'3/13/2015'
